date,code,usdprice
#date,#meta+code,#value+usd
2006-01-15,UPPER EAST-BOLGATANGA MUNICIPAL-Bolga-Millet-93 KG-Wholesale-GHS,29.62
2006-01-15,UPPER EAST-BOLGATANGA MUNICIPAL-Bolga-Millet-93 KG-Wholesale-GHS,29.62
2006-01-15,UPPER EAST-BOLGATANGA MUNICIPAL-Bolga-Millet-93 KG-Wholesale-GHS,29.62
2006-02-15,UPPER EAST-BOLGATANGA MUNICIPAL-Bolga-Millet-93 KG-Wholesale-GHS,30.43
2006-04-15,UPPER EAST-BOLGATANGA MUNICIPAL-Bolga-Millet-93 KG-Wholesale-GHS,30.98
2006-04-15,UPPER EAST-BOLGATANGA MUNICIPAL-Bolga-Millet-93 KG-Wholesale-GHS,30.98
2006-04-15,UPPER EAST-BOLGATANGA MUNICIPAL-Bolga-Millet-93 KG-Wholesale-GHS,30.98
2006-05-15,UPPER EAST-BOLGATANGA MUNICIPAL-Bolga-Millet-93 KG-Wholesale-GHS,30.43
2006-05-15,UPPER EAST-BOLGATANGA MUNICIPAL-Bolga-Millet-93 KG-Wholesale-GHS,30.43
2006-05-15,UPPER EAST-BOLGATANGA MUNICIPAL-Bolga-Millet-93 KG-Wholesale-GHS,30.43
2006-05-15,UPPER EAST-BOLGATANGA MUNICIPAL-Bolga-Millet-93 KG-Wholesale-GHS,30.43
2006-05-15,UPPER EAST-BOLGATANGA MUNICIPAL-Bolga-Millet-93 KG-Wholesale-GHS,30.43
2006-07-15,UPPER EAST-BOLGATANGA MUNICIPAL-Bolga-Millet-93 KG-Wholesale-GHS,28.53
2006-08-15,UPPER EAST-BOLGATANGA MUNICIPAL-Bolga-Millet-93 KG-Wholesale-GHS,26.09
2006-08-15,UPPER EAST-BOLGATANGA MUNICIPAL-Bolga-Millet-93 KG-Wholesale-GHS,26.09
2006-08-15,UPPER EAST-BOLGATANGA MUNICIPAL-Bolga-Millet-93 KG-Wholesale-GHS,26.09
2006-08-15,UPPER EAST-BOLGATANGA MUNICIPAL-Bolga-Millet-93 KG-Wholesale-GHS,26.09
2006-08-15,UPPER EAST-BOLGATANGA MUNICIPAL-Bolga-Millet-93 KG-Wholesale-GHS,26.09
2006-09-15,UPPER EAST-BOLGATANGA MUNICIPAL-Bolga-Millet-93 KG-Wholesale-GHS,28.26
2006-10-15,UPPER EAST-BOLGATANGA MUNICIPAL-Bolga-Millet-93 KG-Wholesale-GHS,32.1
2006-10-15,UPPER EAST-BOLGATANGA MUNICIPAL-Bolga-Millet-93 KG-Wholesale-GHS,32.1
2006-10-15,UPPER EAST-BOLGATANGA MUNICIPAL-Bolga-Millet-93 KG-Wholesale-GHS,32.1
2006-11-15,UPPER EAST-BOLGATANGA MUNICIPAL-Bolga-Millet-93 KG-Wholesale-GHS,26.09
2006-11-15,UPPER EAST-BOLGATANGA MUNICIPAL-Bolga-Millet-93 KG-Wholesale-GHS,26.09
2007-01-15,UPPER EAST-BOLGATANGA MUNICIPAL-Bolga-Millet-93 KG-Wholesale-GHS,22.1
2007-03-15,UPPER EAST-BOLGATANGA MUNICIPAL-Bolga-Millet-93 KG-Wholesale-GHS,27.17
2007-03-15,UPPER EAST-BOLGATANGA MUNICIPAL-Bolga-Millet-93 KG-Wholesale-GHS,27.17
2007-04-15,UPPER EAST-BOLGATANGA MUNICIPAL-Bolga-Millet-93 KG-Wholesale-GHS,23.37
2007-05-15,UPPER EAST-BOLGATANGA MUNICIPAL-Bolga-Millet-93 KG-Wholesale-GHS,20.03
2007-05-15,UPPER EAST-BOLGATANGA MUNICIPAL-Bolga-Millet-93 KG-Wholesale-GHS,20.03
2007-06-15,UPPER EAST-BOLGATANGA MUNICIPAL-Bolga-Millet-93 KG-Wholesale-GHS,21.9
2007-08-15,UPPER EAST-BOLGATANGA MUNICIPAL-Bolga-Millet-93 KG-Wholesale-GHS,30.11
2007-08-15,UPPER EAST-BOLGATANGA MUNICIPAL-Bolga-Millet-93 KG-Wholesale-GHS,30.11
2007-12-15,UPPER EAST-BOLGATANGA MUNICIPAL-Bolga-Millet-93 KG-Wholesale-GHS,42.11
2007-12-15,UPPER EAST-BOLGATANGA MUNICIPAL-Bolga-Millet-93 KG-Wholesale-GHS,42.11
2007-12-15,UPPER EAST-BOLGATANGA MUNICIPAL-Bolga-Millet-93 KG-Wholesale-GHS,42.11
2008-01-15,UPPER EAST-BOLGATANGA MUNICIPAL-Bolga-Millet-93 KG-Wholesale-GHS,41.05
2008-01-15,UPPER EAST-BOLGATANGA MUNICIPAL-Bolga-Millet-93 KG-Wholesale-GHS,41.05
2008-01-15,UPPER EAST-BOLGATANGA MUNICIPAL-Bolga-Millet-93 KG-Wholesale-GHS,41.05
2008-01-15,UPPER EAST-BOLGATANGA MUNICIPAL-Bolga-Millet-93 KG-Wholesale-GHS,41.05
2008-01-15,UPPER EAST-BOLGATANGA MUNICIPAL-Bolga-Millet-93 KG-Wholesale-GHS,41.05
2008-02-15,UPPER EAST-BOLGATANGA MUNICIPAL-Bolga-Millet-93 KG-Wholesale-GHS,44.79
2008-03-15,UPPER EAST-BOLGATANGA MUNICIPAL-Bolga-Millet-93 KG-Wholesale-GHS,46.88
2008-04-15,UPPER EAST-BOLGATANGA MUNICIPAL-Bolga-Millet-93 KG-Wholesale-GHS,46.97
2008-06-15,UPPER EAST-BOLGATANGA MUNICIPAL-Bolga-Millet-93 KG-Wholesale-GHS,55.9
2008-06-15,UPPER EAST-BOLGATANGA MUNICIPAL-Bolga-Millet-93 KG-Wholesale-GHS,55.9
2008-06-15,UPPER EAST-BOLGATANGA MUNICIPAL-Bolga-Millet-93 KG-Wholesale-GHS,55.9
2008-06-15,UPPER EAST-BOLGATANGA MUNICIPAL-Bolga-Millet-93 KG-Wholesale-GHS,55.9
2008-06-15,UPPER EAST-BOLGATANGA MUNICIPAL-Bolga-Millet-93 KG-Wholesale-GHS,55.9
2008-07-15,UPPER EAST-BOLGATANGA MUNICIPAL-Bolga-Millet-93 KG-Wholesale-GHS,54.55
2008-08-15,UPPER EAST-BOLGATANGA MUNICIPAL-Bolga-Millet-93 KG-Wholesale-GHS,55.87
2008-08-15,UPPER EAST-BOLGATANGA MUNICIPAL-Bolga-Millet-93 KG-Wholesale-GHS,55.87
2008-08-15,UPPER EAST-BOLGATANGA MUNICIPAL-Bolga-Millet-93 KG-Wholesale-GHS,55.87
2008-09-15,UPPER EAST-BOLGATANGA MUNICIPAL-Bolga-Millet-93 KG-Wholesale-GHS,55.87
2008-10-15,UPPER EAST-BOLGATANGA MUNICIPAL-Bolga-Millet-93 KG-Wholesale-GHS,54.31
2008-11-15,UPPER EAST-BOLGATANGA MUNICIPAL-Bolga-Millet-93 KG-Wholesale-GHS,51.09
2009-01-15,UPPER EAST-BOLGATANGA MUNICIPAL-Bolga-Millet-93 KG-Wholesale-GHS,36.72
2009-03-15,UPPER EAST-BOLGATANGA MUNICIPAL-Bolga-Millet-93 KG-Wholesale-GHS,38.75
2009-06-15,UPPER EAST-BOLGATANGA MUNICIPAL-Bolga-Millet-93 KG-Wholesale-GHS,43.92
2009-06-15,UPPER EAST-BOLGATANGA MUNICIPAL-Bolga-Millet-93 KG-Wholesale-GHS,43.92
2009-07-15,UPPER EAST-BOLGATANGA MUNICIPAL-Bolga-Millet-93 KG-Wholesale-GHS,44.63
2009-07-15,UPPER EAST-BOLGATANGA MUNICIPAL-Bolga-Millet-93 KG-Wholesale-GHS,44.63
2009-07-15,UPPER EAST-BOLGATANGA MUNICIPAL-Bolga-Millet-93 KG-Wholesale-GHS,44.63
2009-08-15,UPPER EAST-BOLGATANGA MUNICIPAL-Bolga-Millet-93 KG-Wholesale-GHS,47.76
2009-08-15,UPPER EAST-BOLGATANGA MUNICIPAL-Bolga-Millet-93 KG-Wholesale-GHS,47.76
2009-11-15,UPPER EAST-BOLGATANGA MUNICIPAL-Bolga-Millet-93 KG-Wholesale-GHS,34.97
2010-01-15,UPPER EAST-BOLGATANGA MUNICIPAL-Bolga-Millet-93 KG-Wholesale-GHS,37.45
2010-04-15,UPPER EAST-BOLGATANGA MUNICIPAL-Bolga-Millet-93 KG-Wholesale-GHS,35.21
2010-05-15,UPPER EAST-BOLGATANGA MUNICIPAL-Bolga-Millet-93 KG-Wholesale-GHS,35.21
2010-05-15,UPPER EAST-BOLGATANGA MUNICIPAL-Bolga-Millet-93 KG-Wholesale-GHS,35.21
2010-05-15,UPPER EAST-BOLGATANGA MUNICIPAL-Bolga-Millet-93 KG-Wholesale-GHS,35.21
2010-07-15,UPPER EAST-BOLGATANGA MUNICIPAL-Bolga-Millet-93 KG-Wholesale-GHS,41.1
2010-07-15,UPPER EAST-BOLGATANGA MUNICIPAL-Bolga-Millet-93 KG-Wholesale-GHS,41.1
2010-07-15,UPPER EAST-BOLGATANGA MUNICIPAL-Bolga-Millet-93 KG-Wholesale-GHS,41.1
2010-08-15,UPPER EAST-BOLGATANGA MUNICIPAL-Bolga-Millet-93 KG-Wholesale-GHS,34.8
2010-09-15,UPPER EAST-BOLGATANGA MUNICIPAL-Bolga-Millet-93 KG-Wholesale-GHS,34.97
2010-09-15,UPPER EAST-BOLGATANGA MUNICIPAL-Bolga-Millet-93 KG-Wholesale-GHS,34.97
2010-09-15,UPPER EAST-BOLGATANGA MUNICIPAL-Bolga-Millet-93 KG-Wholesale-GHS,34.97
2010-09-15,UPPER EAST-BOLGATANGA MUNICIPAL-Bolga-Millet-93 KG-Wholesale-GHS,34.97
2010-09-15,UPPER EAST-BOLGATANGA MUNICIPAL-Bolga-Millet-93 KG-Wholesale-GHS,34.97
2010-10-15,UPPER EAST-BOLGATANGA MUNICIPAL-Bolga-Millet-93 KG-Wholesale-GHS,35.21
2010-11-15,UPPER EAST-BOLGATANGA MUNICIPAL-Bolga-Millet-93 KG-Wholesale-GHS,35.42
2010-11-15,UPPER EAST-BOLGATANGA MUNICIPAL-Bolga-Millet-93 KG-Wholesale-GHS,35.42
2010-11-15,UPPER EAST-BOLGATANGA MUNICIPAL-Bolga-Millet-93 KG-Wholesale-GHS,35.42
2010-12-15,UPPER EAST-BOLGATANGA MUNICIPAL-Bolga-Millet-93 KG-Wholesale-GHS,34.76
2011-08-15,UPPER EAST-BOLGATANGA MUNICIPAL-Bolga-Millet-93 KG-Wholesale-GHS,45.75
2011-08-15,UPPER EAST-BOLGATANGA MUNICIPAL-Bolga-Millet-93 KG-Wholesale-GHS,45.75
2011-08-15,UPPER EAST-BOLGATANGA MUNICIPAL-Bolga-Millet-93 KG-Wholesale-GHS,45.75
2011-11-15,UPPER EAST-BOLGATANGA MUNICIPAL-Bolga-Millet-93 KG-Wholesale-GHS,43.48
2012-01-15,UPPER EAST-BOLGATANGA MUNICIPAL-Bolga-Millet-93 KG-Wholesale-GHS,43.77
2012-01-15,UPPER EAST-BOLGATANGA MUNICIPAL-Bolga-Millet-93 KG-Wholesale-GHS,43.77
2012-01-15,UPPER EAST-BOLGATANGA MUNICIPAL-Bolga-Millet-93 KG-Wholesale-GHS,43.77
2012-01-15,UPPER EAST-BOLGATANGA MUNICIPAL-Bolga-Millet-93 KG-Wholesale-GHS,43.77
2012-01-15,UPPER EAST-BOLGATANGA MUNICIPAL-Bolga-Millet-93 KG-Wholesale-GHS,43.77
2012-02-15,UPPER EAST-BOLGATANGA MUNICIPAL-Bolga-Millet-93 KG-Wholesale-GHS,44.12
2012-03-15,UPPER EAST-BOLGATANGA MUNICIPAL-Bolga-Millet-93 KG-Wholesale-GHS,44.94
2012-04-15,UPPER EAST-BOLGATANGA MUNICIPAL-Bolga-Millet-93 KG-Wholesale-GHS,52.08
2012-07-15,UPPER EAST-BOLGATANGA MUNICIPAL-Bolga-Millet-93 KG-Wholesale-GHS,53.85
2012-07-15,UPPER EAST-BOLGATANGA MUNICIPAL-Bolga-Millet-93 KG-Wholesale-GHS,53.85
2012-07-15,UPPER EAST-BOLGATANGA MUNICIPAL-Bolga-Millet-93 KG-Wholesale-GHS,53.85
2012-09-15,UPPER EAST-BOLGATANGA MUNICIPAL-Bolga-Millet-93 KG-Wholesale-GHS,68.78
2012-10-15,UPPER EAST-BOLGATANGA MUNICIPAL-Bolga-Millet-93 KG-Wholesale-GHS,79.37
2013-01-15,UPPER EAST-BOLGATANGA MUNICIPAL-Bolga-Millet-93 KG-Wholesale-GHS,54.61
2013-02-15,UPPER EAST-BOLGATANGA MUNICIPAL-Bolga-Millet-93 KG-Wholesale-GHS,52.38
2013-04-15,UPPER EAST-BOLGATANGA MUNICIPAL-Bolga-Millet-93 KG-Wholesale-GHS,48.97
2013-05-15,UPPER EAST-BOLGATANGA MUNICIPAL-Bolga-Millet-93 KG-Wholesale-GHS,48.99
2013-05-15,UPPER EAST-BOLGATANGA MUNICIPAL-Bolga-Millet-93 KG-Wholesale-GHS,48.99
2013-06-15,UPPER EAST-BOLGATANGA MUNICIPAL-Bolga-Millet-93 KG-Wholesale-GHS,51.88
2013-06-15,UPPER EAST-BOLGATANGA MUNICIPAL-Bolga-Millet-93 KG-Wholesale-GHS,51.88
2013-06-15,UPPER EAST-BOLGATANGA MUNICIPAL-Bolga-Millet-93 KG-Wholesale-GHS,51.88
2013-07-15,UPPER EAST-BOLGATANGA MUNICIPAL-Bolga-Millet-93 KG-Wholesale-GHS,52.7
2013-09-15,UPPER EAST-BOLGATANGA MUNICIPAL-Bolga-Millet-93 KG-Wholesale-GHS,47.24
2013-09-15,UPPER EAST-BOLGATANGA MUNICIPAL-Bolga-Millet-93 KG-Wholesale-GHS,47.24
2013-09-15,UPPER EAST-BOLGATANGA MUNICIPAL-Bolga-Millet-93 KG-Wholesale-GHS,47.24
2013-09-15,UPPER EAST-BOLGATANGA MUNICIPAL-Bolga-Millet-93 KG-Wholesale-GHS,47.24
2013-09-15,UPPER EAST-BOLGATANGA MUNICIPAL-Bolga-Millet-93 KG-Wholesale-GHS,47.24
2013-10-15,UPPER EAST-BOLGATANGA MUNICIPAL-Bolga-Millet-93 KG-Wholesale-GHS,46.3
2013-10-15,UPPER EAST-BOLGATANGA MUNICIPAL-Bolga-Millet-93 KG-Wholesale-GHS,46.3
2013-12-15,UPPER EAST-BOLGATANGA MUNICIPAL-Bolga-Millet-93 KG-Wholesale-GHS,42.45
2014-01-15,UPPER EAST-BOLGATANGA MUNICIPAL-Bolga-Millet-93 KG-Wholesale-GHS,43.93
2014-02-15,UPPER EAST-BOLGATANGA MUNICIPAL-Bolga-Millet-93 KG-Wholesale-GHS,35.71
2014-06-15,UPPER EAST-BOLGATANGA MUNICIPAL-Bolga-Millet-93 KG-Wholesale-GHS,35.52
2015-01-15,UPPER EAST-BOLGATANGA MUNICIPAL-Bolga-Millet-93 KG-Wholesale-GHS,36.11
2015-01-15,UPPER EAST-BOLGATANGA MUNICIPAL-Bolga-Millet-93 KG-Wholesale-GHS,36.11
2015-01-15,UPPER EAST-BOLGATANGA MUNICIPAL-Bolga-Millet-93 KG-Wholesale-GHS,36.11
2015-01-15,UPPER EAST-BOLGATANGA MUNICIPAL-Bolga-Millet-93 KG-Wholesale-GHS,36.11
2015-01-15,UPPER EAST-BOLGATANGA MUNICIPAL-Bolga-Millet-93 KG-Wholesale-GHS,36.11
2015-02-15,UPPER EAST-BOLGATANGA MUNICIPAL-Bolga-Millet-93 KG-Wholesale-GHS,33.09
2015-03-15,UPPER EAST-BOLGATANGA MUNICIPAL-Bolga-Millet-93 KG-Wholesale-GHS,30.56
2015-04-15,UPPER EAST-BOLGATANGA MUNICIPAL-Bolga-Millet-93 KG-Wholesale-GHS,30.68
2015-05-15,UPPER EAST-BOLGATANGA MUNICIPAL-Bolga-Millet-93 KG-Wholesale-GHS,36.55
2015-07-15,UPPER EAST-BOLGATANGA MUNICIPAL-Bolga-Millet-93 KG-Wholesale-GHS,44.85
2015-08-15,UPPER EAST-BOLGATANGA MUNICIPAL-Bolga-Millet-93 KG-Wholesale-GHS,36.67
2015-08-15,UPPER EAST-BOLGATANGA MUNICIPAL-Bolga-Millet-93 KG-Wholesale-GHS,36.67
2015-08-15,UPPER EAST-BOLGATANGA MUNICIPAL-Bolga-Millet-93 KG-Wholesale-GHS,36.67
2015-10-15,UPPER EAST-BOLGATANGA MUNICIPAL-Bolga-Millet-93 KG-Wholesale-GHS,36.36
2015-10-15,UPPER EAST-BOLGATANGA MUNICIPAL-Bolga-Millet-93 KG-Wholesale-GHS,36.36
2015-11-15,UPPER EAST-BOLGATANGA MUNICIPAL-Bolga-Millet-93 KG-Wholesale-GHS,34.21
2016-01-15,UPPER EAST-BOLGATANGA MUNICIPAL-Bolga-Millet-93 KG-Wholesale-GHS,31.75
2016-01-15,UPPER EAST-BOLGATANGA MUNICIPAL-Bolga-Millet-93 KG-Wholesale-GHS,31.75
2016-02-15,UPPER EAST-BOLGATANGA MUNICIPAL-Bolga-Millet-93 KG-Wholesale-GHS,31.57
2016-03-15,UPPER EAST-BOLGATANGA MUNICIPAL-Bolga-Millet-93 KG-Wholesale-GHS,33.85
2016-03-15,UPPER EAST-BOLGATANGA MUNICIPAL-Bolga-Millet-93 KG-Wholesale-GHS,33.85
2016-05-15,UPPER EAST-BOLGATANGA MUNICIPAL-Bolga-Millet-93 KG-Wholesale-GHS,40.68
2016-08-15,UPPER EAST-BOLGATANGA MUNICIPAL-Bolga-Millet-93 KG-Wholesale-GHS,32.79
2016-08-15,UPPER EAST-BOLGATANGA MUNICIPAL-Bolga-Millet-93 KG-Wholesale-GHS,32.79
2016-09-15,UPPER EAST-BOLGATANGA MUNICIPAL-Bolga-Millet-93 KG-Wholesale-GHS,34.74
2017-01-15,UPPER EAST-BOLGATANGA MUNICIPAL-Bolga-Millet-93 KG-Wholesale-GHS,31.45
2017-02-15,UPPER EAST-BOLGATANGA MUNICIPAL-Bolga-Millet-93 KG-Wholesale-GHS,34.17
2017-02-15,UPPER EAST-BOLGATANGA MUNICIPAL-Bolga-Millet-93 KG-Wholesale-GHS,34.17
2017-02-15,UPPER EAST-BOLGATANGA MUNICIPAL-Bolga-Millet-93 KG-Wholesale-GHS,34.17
2017-05-15,UPPER EAST-BOLGATANGA MUNICIPAL-Bolga-Millet-93 KG-Wholesale-GHS,48.19
2017-06-15,UPPER EAST-BOLGATANGA MUNICIPAL-Bolga-Millet-93 KG-Wholesale-GHS,45.56
2017-06-15,UPPER EAST-BOLGATANGA MUNICIPAL-Bolga-Millet-93 KG-Wholesale-GHS,45.56
2017-06-15,UPPER EAST-BOLGATANGA MUNICIPAL-Bolga-Millet-93 KG-Wholesale-GHS,45.56
2017-06-15,UPPER EAST-BOLGATANGA MUNICIPAL-Bolga-Millet-93 KG-Wholesale-GHS,45.56
2017-06-15,UPPER EAST-BOLGATANGA MUNICIPAL-Bolga-Millet-93 KG-Wholesale-GHS,45.56
2017-07-15,UPPER EAST-BOLGATANGA MUNICIPAL-Bolga-Millet-93 KG-Wholesale-GHS,45.37
2017-09-15,UPPER EAST-BOLGATANGA MUNICIPAL-Bolga-Millet-93 KG-Wholesale-GHS,53.41
2017-11-15,UPPER EAST-BOLGATANGA MUNICIPAL-Bolga-Millet-93 KG-Wholesale-GHS,48.38
2018-01-15,UPPER EAST-BOLGATANGA MUNICIPAL-Bolga-Millet-93 KG-Wholesale-GHS,42.41
2018-03-15,UPPER EAST-BOLGATANGA MUNICIPAL-Bolga-Millet-93 KG-Wholesale-GHS,42.94
2018-04-15,UPPER EAST-BOLGATANGA MUNICIPAL-Bolga-Millet-93 KG-Wholesale-GHS,44.11
2018-04-15,UPPER EAST-BOLGATANGA MUNICIPAL-Bolga-Millet-93 KG-Wholesale-GHS,44.11
2018-04-15,UPPER EAST-BOLGATANGA MUNICIPAL-Bolga-Millet-93 KG-Wholesale-GHS,44.11
2018-05-15,UPPER EAST-BOLGATANGA MUNICIPAL-Bolga-Millet-93 KG-Wholesale-GHS,51.48
2018-06-15,UPPER EAST-BOLGATANGA MUNICIPAL-Bolga-Millet-93 KG-Wholesale-GHS,51.84
2018-06-15,UPPER EAST-BOLGATANGA MUNICIPAL-Bolga-Millet-93 KG-Wholesale-GHS,51.84
2018-07-15,UPPER EAST-BOLGATANGA MUNICIPAL-Bolga-Millet-93 KG-Wholesale-GHS,49.59
2018-09-15,UPPER EAST-BOLGATANGA MUNICIPAL-Bolga-Millet-93 KG-Wholesale-GHS,47.58
2018-09-15,UPPER EAST-BOLGATANGA MUNICIPAL-Bolga-Millet-93 KG-Wholesale-GHS,47.58
2018-09-15,UPPER EAST-BOLGATANGA MUNICIPAL-Bolga-Millet-93 KG-Wholesale-GHS,47.58
2018-09-15,UPPER EAST-BOLGATANGA MUNICIPAL-Bolga-Millet-93 KG-Wholesale-GHS,47.58
2018-09-15,UPPER EAST-BOLGATANGA MUNICIPAL-Bolga-Millet-93 KG-Wholesale-GHS,47.58
2018-11-15,UPPER EAST-BOLGATANGA MUNICIPAL-Bolga-Millet-93 KG-Wholesale-GHS,42.26
2019-01-15,UPPER EAST-BOLGATANGA MUNICIPAL-Bolga-Millet-93 KG-Wholesale-GHS,34.09
2019-01-15,UPPER EAST-BOLGATANGA MUNICIPAL-Bolga-Millet-93 KG-Wholesale-GHS,34.09
2019-01-15,UPPER EAST-BOLGATANGA MUNICIPAL-Bolga-Millet-93 KG-Wholesale-GHS,34.09
2019-01-15,UPPER EAST-BOLGATANGA MUNICIPAL-Bolga-Millet-93 KG-Wholesale-GHS,34.09
2019-01-15,UPPER EAST-BOLGATANGA MUNICIPAL-Bolga-Millet-93 KG-Wholesale-GHS,34.09
2019-02-15,UPPER EAST-BOLGATANGA MUNICIPAL-Bolga-Millet-93 KG-Wholesale-GHS,32.8
2019-05-15,UPPER EAST-BOLGATANGA MUNICIPAL-Bolga-Millet-93 KG-Wholesale-GHS,31.81
2019-05-15,UPPER EAST-BOLGATANGA MUNICIPAL-Bolga-Millet-93 KG-Wholesale-GHS,31.81
2019-05-15,UPPER EAST-BOLGATANGA MUNICIPAL-Bolga-Millet-93 KG-Wholesale-GHS,31.81
2019-06-15,UPPER EAST-BOLGATANGA MUNICIPAL-Bolga-Millet-93 KG-Wholesale-GHS,32.48
2019-06-15,UPPER EAST-BOLGATANGA MUNICIPAL-Bolga-Millet-93 KG-Wholesale-GHS,32.48
2019-06-15,UPPER EAST-BOLGATANGA MUNICIPAL-Bolga-Millet-93 KG-Wholesale-GHS,32.48
2019-08-15,UPPER EAST-BOLGATANGA MUNICIPAL-Bolga-Millet-93 KG-Wholesale-GHS,22.21
2019-09-15,UPPER EAST-BOLGATANGA MUNICIPAL-Bolga-Millet-93 KG-Wholesale-GHS,23.42
2020-01-15,UPPER EAST-BOLGATANGA MUNICIPAL-Bolga-Millet-93 KG-Wholesale-GHS,24.34
2020-02-15,UPPER EAST-BOLGATANGA MUNICIPAL-Bolga-Millet-93 KG-Wholesale-GHS,32.17
2020-02-15,UPPER EAST-BOLGATANGA MUNICIPAL-Bolga-Millet-93 KG-Wholesale-GHS,32.17
2020-02-15,UPPER EAST-BOLGATANGA MUNICIPAL-Bolga-Millet-93 KG-Wholesale-GHS,32.17
2020-03-15,UPPER EAST-BOLGATANGA MUNICIPAL-Bolga-Millet-93 KG-Wholesale-GHS,32.8
2020-07-15,UPPER EAST-BOLGATANGA MUNICIPAL-Bolga-Millet-93 KG-Wholesale-GHS,31.07
2020-07-15,UPPER EAST-BOLGATANGA MUNICIPAL-Bolga-Millet-93 KG-Wholesale-GHS,31.07
2020-08-15,UPPER EAST-BOLGATANGA MUNICIPAL-Bolga-Millet-93 KG-Wholesale-GHS,36.04
2020-09-15,UPPER EAST-BOLGATANGA MUNICIPAL-Bolga-Millet-93 KG-Wholesale-GHS,49.13
2020-11-15,UPPER EAST-BOLGATANGA MUNICIPAL-Bolga-Millet-93 KG-Wholesale-GHS,51.09
2020-11-15,UPPER EAST-BOLGATANGA MUNICIPAL-Bolga-Millet-93 KG-Wholesale-GHS,51.09
2020-11-15,UPPER EAST-BOLGATANGA MUNICIPAL-Bolga-Millet-93 KG-Wholesale-GHS,51.09
2021-02-15,UPPER EAST-BOLGATANGA MUNICIPAL-Bolga-Millet-93 KG-Wholesale-GHS,45.28
2021-02-15,UPPER EAST-BOLGATANGA MUNICIPAL-Bolga-Millet-93 KG-Wholesale-GHS,45.28
2021-02-15,UPPER EAST-BOLGATANGA MUNICIPAL-Bolga-Millet-93 KG-Wholesale-GHS,45.28
2021-04-15,UPPER EAST-BOLGATANGA MUNICIPAL-Bolga-Millet-93 KG-Wholesale-GHS,42.7
2021-04-15,UPPER EAST-BOLGATANGA MUNICIPAL-Bolga-Millet-93 KG-Wholesale-GHS,42.7
2021-04-15,UPPER EAST-BOLGATANGA MUNICIPAL-Bolga-Millet-93 KG-Wholesale-GHS,42.7
2021-06-15,UPPER EAST-BOLGATANGA MUNICIPAL-Bolga-Millet-93 KG-Wholesale-GHS,51.18
2021-06-15,UPPER EAST-BOLGATANGA MUNICIPAL-Bolga-Millet-93 KG-Wholesale-GHS,51.18
2021-06-15,UPPER EAST-BOLGATANGA MUNICIPAL-Bolga-Millet-93 KG-Wholesale-GHS,51.18
2021-06-15,UPPER EAST-BOLGATANGA MUNICIPAL-Bolga-Millet-93 KG-Wholesale-GHS,51.18
2021-06-15,UPPER EAST-BOLGATANGA MUNICIPAL-Bolga-Millet-93 KG-Wholesale-GHS,51.18
2021-09-15,UPPER EAST-BOLGATANGA MUNICIPAL-Bolga-Millet-93 KG-Wholesale-GHS,54.11
2021-09-15,UPPER EAST-BOLGATANGA MUNICIPAL-Bolga-Millet-93 KG-Wholesale-GHS,54.11
2021-09-15,UPPER EAST-BOLGATANGA MUNICIPAL-Bolga-Millet-93 KG-Wholesale-GHS,54.11
2021-11-15,UPPER EAST-BOLGATANGA MUNICIPAL-Bolga-Millet-93 KG-Wholesale-GHS,50.12
2021-11-15,UPPER EAST-BOLGATANGA MUNICIPAL-Bolga-Millet-93 KG-Wholesale-GHS,50.12
2021-12-15,UPPER EAST-BOLGATANGA MUNICIPAL-Bolga-Millet-93 KG-Wholesale-GHS,50.12
2021-12-15,UPPER EAST-BOLGATANGA MUNICIPAL-Bolga-Millet-93 KG-Wholesale-GHS,50.12
2021-12-15,UPPER EAST-BOLGATANGA MUNICIPAL-Bolga-Millet-93 KG-Wholesale-GHS,50.12
2021-12-15,UPPER EAST-BOLGATANGA MUNICIPAL-Bolga-Millet-93 KG-Wholesale-GHS,50.12
2021-12-15,UPPER EAST-BOLGATANGA MUNICIPAL-Bolga-Millet-93 KG-Wholesale-GHS,50.12
2022-01-15,UPPER EAST-BOLGATANGA MUNICIPAL-Bolga-Millet-93 KG-Wholesale-GHS,55.8
2022-02-15,UPPER EAST-BOLGATANGA MUNICIPAL-Bolga-Millet-93 KG-Wholesale-GHS,50.03
2022-02-15,UPPER EAST-BOLGATANGA MUNICIPAL-Bolga-Millet-93 KG-Wholesale-GHS,50.03
2022-02-15,UPPER EAST-BOLGATANGA MUNICIPAL-Bolga-Millet-93 KG-Wholesale-GHS,50.03
2022-02-15,UPPER EAST-BOLGATANGA MUNICIPAL-Bolga-Millet-93 KG-Wholesale-GHS,50.03
2022-02-15,UPPER EAST-BOLGATANGA MUNICIPAL-Bolga-Millet-93 KG-Wholesale-GHS,50.03
2022-04-15,UPPER EAST-BOLGATANGA MUNICIPAL-Bolga-Millet-93 KG-Wholesale-GHS,70.53
2022-04-15,UPPER EAST-BOLGATANGA MUNICIPAL-Bolga-Millet-93 KG-Wholesale-GHS,70.53
2022-08-15,UPPER EAST-BOLGATANGA MUNICIPAL-Bolga-Millet-93 KG-Wholesale-GHS,41.59
2022-08-15,UPPER EAST-BOLGATANGA MUNICIPAL-Bolga-Millet-93 KG-Wholesale-GHS,41.59
2022-10-15,UPPER EAST-BOLGATANGA MUNICIPAL-Bolga-Millet-93 KG-Wholesale-GHS,61.19
2023-02-15,UPPER EAST-BOLGATANGA MUNICIPAL-Bolga-Millet-93 KG-Wholesale-GHS,60.76
2023-03-15,UPPER EAST-BOLGATANGA MUNICIPAL-Bolga-Millet-93 KG-Wholesale-GHS,59.77
2023-03-15,UPPER EAST-BOLGATANGA MUNICIPAL-Bolga-Millet-93 KG-Wholesale-GHS,59.77
2023-03-15,UPPER EAST-BOLGATANGA MUNICIPAL-Bolga-Millet-93 KG-Wholesale-GHS,59.77
2023-03-15,UPPER EAST-BOLGATANGA MUNICIPAL-Bolga-Millet-93 KG-Wholesale-GHS,59.77
2023-03-15,UPPER EAST-BOLGATANGA MUNICIPAL-Bolga-Millet-93 KG-Wholesale-GHS,59.77
2023-04-15,UPPER EAST-BOLGATANGA MUNICIPAL-Bolga-Millet-93 KG-Wholesale-GHS,62.46
2023-04-15,UPPER EAST-BOLGATANGA MUNICIPAL-Bolga-Millet-93 KG-Wholesale-GHS,62.46
2023-04-15,UPPER EAST-BOLGATANGA MUNICIPAL-Bolga-Millet-93 KG-Wholesale-GHS,62.46
2023-04-15,UPPER EAST-BOLGATANGA MUNICIPAL-Bolga-Millet-93 KG-Wholesale-GHS,62.46
2023-04-15,UPPER EAST-BOLGATANGA MUNICIPAL-Bolga-Millet-93 KG-Wholesale-GHS,62.46
2023-06-15,UPPER EAST-BOLGATANGA MUNICIPAL-Bolga-Millet-93 KG-Wholesale-GHS,64.92
2006-01-15,NORTHERN-TAMALE NORTH SUB METRO-Tamale-Maize-100 KG-Wholesale-GHS,22.55
2006-02-15,NORTHERN-TAMALE NORTH SUB METRO-Tamale-Maize-100 KG-Wholesale-GHS,21.74
2006-03-15,NORTHERN-TAMALE NORTH SUB METRO-Tamale-Maize-100 KG-Wholesale-GHS,19.21
2006-04-15,NORTHERN-TAMALE NORTH SUB METRO-Tamale-Maize-100 KG-Wholesale-GHS,18.48
2006-04-15,NORTHERN-TAMALE NORTH SUB METRO-Tamale-Maize-100 KG-Wholesale-GHS,18.48
2006-05-15,NORTHERN-TAMALE NORTH SUB METRO-Tamale-Maize-100 KG-Wholesale-GHS,19.57
2006-06-15,NORTHERN-TAMALE NORTH SUB METRO-Tamale-Maize-100 KG-Wholesale-GHS,18.84
2006-07-15,NORTHERN-TAMALE NORTH SUB METRO-Tamale-Maize-100 KG-Wholesale-GHS,16.58
2006-07-15,NORTHERN-TAMALE NORTH SUB METRO-Tamale-Maize-100 KG-Wholesale-GHS,16.58
2006-08-15,NORTHERN-TAMALE NORTH SUB METRO-Tamale-Maize-100 KG-Wholesale-GHS,11.96
2006-09-15,NORTHERN-TAMALE NORTH SUB METRO-Tamale-Maize-100 KG-Wholesale-GHS,14.67
2006-10-15,NORTHERN-TAMALE NORTH SUB METRO-Tamale-Maize-100 KG-Wholesale-GHS,13.21
2006-10-15,NORTHERN-TAMALE NORTH SUB METRO-Tamale-Maize-100 KG-Wholesale-GHS,13.21
2006-11-15,NORTHERN-TAMALE NORTH SUB METRO-Tamale-Maize-100 KG-Wholesale-GHS,16.03
2006-12-15,NORTHERN-TAMALE NORTH SUB METRO-Tamale-Maize-100 KG-Wholesale-GHS,17.39
2007-01-15,NORTHERN-TAMALE NORTH SUB METRO-Tamale-Maize-100 KG-Wholesale-GHS,17.39
2007-01-15,NORTHERN-TAMALE NORTH SUB METRO-Tamale-Maize-100 KG-Wholesale-GHS,17.39
2007-02-15,NORTHERN-TAMALE NORTH SUB METRO-Tamale-Maize-100 KG-Wholesale-GHS,19.29
2007-03-15,NORTHERN-TAMALE NORTH SUB METRO-Tamale-Maize-100 KG-Wholesale-GHS,18.48
2007-04-15,NORTHERN-TAMALE NORTH SUB METRO-Tamale-Maize-100 KG-Wholesale-GHS,19.57
2007-05-15,NORTHERN-TAMALE NORTH SUB METRO-Tamale-Maize-100 KG-Wholesale-GHS,19.57
2007-06-15,NORTHERN-TAMALE NORTH SUB METRO-Tamale-Maize-100 KG-Wholesale-GHS,17.93
2007-06-15,NORTHERN-TAMALE NORTH SUB METRO-Tamale-Maize-100 KG-Wholesale-GHS,17.93
2007-07-15,NORTHERN-TAMALE NORTH SUB METRO-Tamale-Maize-100 KG-Wholesale-GHS,20.43
2007-08-15,NORTHERN-TAMALE NORTH SUB METRO-Tamale-Maize-100 KG-Wholesale-GHS,19.35
2007-09-15,NORTHERN-TAMALE NORTH SUB METRO-Tamale-Maize-100 KG-Wholesale-GHS,21.05
2007-09-15,NORTHERN-TAMALE NORTH SUB METRO-Tamale-Maize-100 KG-Wholesale-GHS,21.05
2007-10-15,NORTHERN-TAMALE NORTH SUB METRO-Tamale-Maize-100 KG-Wholesale-GHS,25
2007-11-15,NORTHERN-TAMALE NORTH SUB METRO-Tamale-Maize-100 KG-Wholesale-GHS,29.17
2007-12-15,NORTHERN-TAMALE NORTH SUB METRO-Tamale-Maize-100 KG-Wholesale-GHS,27.11
2007-12-15,NORTHERN-TAMALE NORTH SUB METRO-Tamale-Maize-100 KG-Wholesale-GHS,27.11
2008-01-15,NORTHERN-TAMALE NORTH SUB METRO-Tamale-Maize-100 KG-Wholesale-GHS,29.47
2008-01-15,NORTHERN-TAMALE NORTH SUB METRO-Tamale-Maize-100 KG-Wholesale-GHS,29.47
2008-02-15,NORTHERN-TAMALE NORTH SUB METRO-Tamale-Maize-100 KG-Wholesale-GHS,28.12
2008-03-15,NORTHERN-TAMALE NORTH SUB METRO-Tamale-Maize-100 KG-Wholesale-GHS,37.5
2008-03-15,NORTHERN-TAMALE NORTH SUB METRO-Tamale-Maize-100 KG-Wholesale-GHS,37.5
2008-04-15,NORTHERN-TAMALE NORTH SUB METRO-Tamale-Maize-100 KG-Wholesale-GHS,36.36
2008-05-15,NORTHERN-TAMALE NORTH SUB METRO-Tamale-Maize-100 KG-Wholesale-GHS,44.85
2008-06-15,NORTHERN-TAMALE NORTH SUB METRO-Tamale-Maize-100 KG-Wholesale-GHS,44.49
2008-07-15,NORTHERN-TAMALE NORTH SUB METRO-Tamale-Maize-100 KG-Wholesale-GHS,54.55
2008-08-15,NORTHERN-TAMALE NORTH SUB METRO-Tamale-Maize-100 KG-Wholesale-GHS,50.65
2008-08-15,NORTHERN-TAMALE NORTH SUB METRO-Tamale-Maize-100 KG-Wholesale-GHS,50.65
2008-09-15,NORTHERN-TAMALE NORTH SUB METRO-Tamale-Maize-100 KG-Wholesale-GHS,32.17
2008-09-15,NORTHERN-TAMALE NORTH SUB METRO-Tamale-Maize-100 KG-Wholesale-GHS,32.17
2008-10-15,NORTHERN-TAMALE NORTH SUB METRO-Tamale-Maize-100 KG-Wholesale-GHS,31.47
2008-11-15,NORTHERN-TAMALE NORTH SUB METRO-Tamale-Maize-100 KG-Wholesale-GHS,29.24
2008-12-15,NORTHERN-TAMALE NORTH SUB METRO-Tamale-Maize-100 KG-Wholesale-GHS,28.07
2009-01-15,NORTHERN-TAMALE NORTH SUB METRO-Tamale-Maize-100 KG-Wholesale-GHS,31.56
2009-01-15,NORTHERN-TAMALE NORTH SUB METRO-Tamale-Maize-100 KG-Wholesale-GHS,31.56
2009-02-15,NORTHERN-TAMALE NORTH SUB METRO-Tamale-Maize-100 KG-Wholesale-GHS,32.4
2009-02-15,NORTHERN-TAMALE NORTH SUB METRO-Tamale-Maize-100 KG-Wholesale-GHS,32.4
2009-03-15,NORTHERN-TAMALE NORTH SUB METRO-Tamale-Maize-100 KG-Wholesale-GHS,30.36
2009-04-15,NORTHERN-TAMALE NORTH SUB METRO-Tamale-Maize-100 KG-Wholesale-GHS,30.99
2009-04-15,NORTHERN-TAMALE NORTH SUB METRO-Tamale-Maize-100 KG-Wholesale-GHS,30.99
2009-05-15,NORTHERN-TAMALE NORTH SUB METRO-Tamale-Maize-100 KG-Wholesale-GHS,36.97
2009-06-15,NORTHERN-TAMALE NORTH SUB METRO-Tamale-Maize-100 KG-Wholesale-GHS,36.82
2009-06-15,NORTHERN-TAMALE NORTH SUB METRO-Tamale-Maize-100 KG-Wholesale-GHS,36.82
2009-07-15,NORTHERN-TAMALE NORTH SUB METRO-Tamale-Maize-100 KG-Wholesale-GHS,33.22
2009-07-15,NORTHERN-TAMALE NORTH SUB METRO-Tamale-Maize-100 KG-Wholesale-GHS,33.22
2009-08-15,NORTHERN-TAMALE NORTH SUB METRO-Tamale-Maize-100 KG-Wholesale-GHS,29.39
2009-09-15,NORTHERN-TAMALE NORTH SUB METRO-Tamale-Maize-100 KG-Wholesale-GHS,22.77
2009-09-15,NORTHERN-TAMALE NORTH SUB METRO-Tamale-Maize-100 KG-Wholesale-GHS,22.77
2009-10-15,NORTHERN-TAMALE NORTH SUB METRO-Tamale-Maize-100 KG-Wholesale-GHS,23.61
2009-10-15,NORTHERN-TAMALE NORTH SUB METRO-Tamale-Maize-100 KG-Wholesale-GHS,23.61
2009-11-15,NORTHERN-TAMALE NORTH SUB METRO-Tamale-Maize-100 KG-Wholesale-GHS,24.3
2009-11-15,NORTHERN-TAMALE NORTH SUB METRO-Tamale-Maize-100 KG-Wholesale-GHS,24.3
2009-12-15,NORTHERN-TAMALE NORTH SUB METRO-Tamale-Maize-100 KG-Wholesale-GHS,24.47
2010-01-15,NORTHERN-TAMALE NORTH SUB METRO-Tamale-Maize-100 KG-Wholesale-GHS,25.53
2010-01-15,NORTHERN-TAMALE NORTH SUB METRO-Tamale-Maize-100 KG-Wholesale-GHS,25.53
2010-02-15,NORTHERN-TAMALE NORTH SUB METRO-Tamale-Maize-100 KG-Wholesale-GHS,25
2010-02-15,NORTHERN-TAMALE NORTH SUB METRO-Tamale-Maize-100 KG-Wholesale-GHS,25
2010-03-15,NORTHERN-TAMALE NORTH SUB METRO-Tamale-Maize-100 KG-Wholesale-GHS,25.35
2010-03-15,NORTHERN-TAMALE NORTH SUB METRO-Tamale-Maize-100 KG-Wholesale-GHS,25.35
2010-04-15,NORTHERN-TAMALE NORTH SUB METRO-Tamale-Maize-100 KG-Wholesale-GHS,25.53
2010-04-15,NORTHERN-TAMALE NORTH SUB METRO-Tamale-Maize-100 KG-Wholesale-GHS,25.53
2010-05-15,NORTHERN-TAMALE NORTH SUB METRO-Tamale-Maize-100 KG-Wholesale-GHS,25.07
2010-06-15,NORTHERN-TAMALE NORTH SUB METRO-Tamale-Maize-100 KG-Wholesale-GHS,26.05
2010-07-15,NORTHERN-TAMALE NORTH SUB METRO-Tamale-Maize-100 KG-Wholesale-GHS,24.66
2010-07-15,NORTHERN-TAMALE NORTH SUB METRO-Tamale-Maize-100 KG-Wholesale-GHS,24.66
2010-08-15,NORTHERN-TAMALE NORTH SUB METRO-Tamale-Maize-100 KG-Wholesale-GHS,31.84
2010-09-15,NORTHERN-TAMALE NORTH SUB METRO-Tamale-Maize-100 KG-Wholesale-GHS,23.6
2010-09-15,NORTHERN-TAMALE NORTH SUB METRO-Tamale-Maize-100 KG-Wholesale-GHS,23.6
2010-10-15,NORTHERN-TAMALE NORTH SUB METRO-Tamale-Maize-100 KG-Wholesale-GHS,22.54
2010-11-15,NORTHERN-TAMALE NORTH SUB METRO-Tamale-Maize-100 KG-Wholesale-GHS,25
2010-12-15,NORTHERN-TAMALE NORTH SUB METRO-Tamale-Maize-100 KG-Wholesale-GHS,24.66
2010-12-15,NORTHERN-TAMALE NORTH SUB METRO-Tamale-Maize-100 KG-Wholesale-GHS,24.66
2011-01-15,NORTHERN-TAMALE NORTH SUB METRO-Tamale-Maize-100 KG-Wholesale-GHS,25.08
2011-01-15,NORTHERN-TAMALE NORTH SUB METRO-Tamale-Maize-100 KG-Wholesale-GHS,25.08
2011-02-15,NORTHERN-TAMALE NORTH SUB METRO-Tamale-Maize-100 KG-Wholesale-GHS,20.13
2011-03-15,NORTHERN-TAMALE NORTH SUB METRO-Tamale-Maize-100 KG-Wholesale-GHS,24.84
2011-04-15,NORTHERN-TAMALE NORTH SUB METRO-Tamale-Maize-100 KG-Wholesale-GHS,25.17
2011-04-15,NORTHERN-TAMALE NORTH SUB METRO-Tamale-Maize-100 KG-Wholesale-GHS,25.17
2011-05-15,NORTHERN-TAMALE NORTH SUB METRO-Tamale-Maize-100 KG-Wholesale-GHS,25.17
2011-05-15,NORTHERN-TAMALE NORTH SUB METRO-Tamale-Maize-100 KG-Wholesale-GHS,25.17
2011-06-15,NORTHERN-TAMALE NORTH SUB METRO-Tamale-Maize-100 KG-Wholesale-GHS,36.42
2011-07-15,NORTHERN-TAMALE NORTH SUB METRO-Tamale-Maize-100 KG-Wholesale-GHS,33.11
2011-07-15,NORTHERN-TAMALE NORTH SUB METRO-Tamale-Maize-100 KG-Wholesale-GHS,33.11
2011-08-15,NORTHERN-TAMALE NORTH SUB METRO-Tamale-Maize-100 KG-Wholesale-GHS,40.96
2011-09-15,NORTHERN-TAMALE NORTH SUB METRO-Tamale-Maize-100 KG-Wholesale-GHS,30.73
2011-10-15,NORTHERN-TAMALE NORTH SUB METRO-Tamale-Maize-100 KG-Wholesale-GHS,28.72
2011-11-15,NORTHERN-TAMALE NORTH SUB METRO-Tamale-Maize-100 KG-Wholesale-GHS,29.81
2011-12-15,NORTHERN-TAMALE NORTH SUB METRO-Tamale-Maize-100 KG-Wholesale-GHS,35.12
2011-12-15,NORTHERN-TAMALE NORTH SUB METRO-Tamale-Maize-100 KG-Wholesale-GHS,35.12
2012-01-15,NORTHERN-TAMALE NORTH SUB METRO-Tamale-Maize-100 KG-Wholesale-GHS,36.77
2012-01-15,NORTHERN-TAMALE NORTH SUB METRO-Tamale-Maize-100 KG-Wholesale-GHS,36.77
2012-02-15,NORTHERN-TAMALE NORTH SUB METRO-Tamale-Maize-100 KG-Wholesale-GHS,35.88
2012-02-15,NORTHERN-TAMALE NORTH SUB METRO-Tamale-Maize-100 KG-Wholesale-GHS,35.88
2012-03-15,NORTHERN-TAMALE NORTH SUB METRO-Tamale-Maize-100 KG-Wholesale-GHS,36.53
2012-04-15,NORTHERN-TAMALE NORTH SUB METRO-Tamale-Maize-100 KG-Wholesale-GHS,36.67
2012-05-15,NORTHERN-TAMALE NORTH SUB METRO-Tamale-Maize-100 KG-Wholesale-GHS,42.11
2012-05-15,NORTHERN-TAMALE NORTH SUB METRO-Tamale-Maize-100 KG-Wholesale-GHS,42.11
2012-05-15,NORTHERN-TAMALE NORTH SUB METRO-Tamale-Maize-100 KG-Wholesale-GHS,42.11
2012-06-15,NORTHERN-TAMALE NORTH SUB METRO-Tamale-Maize-100 KG-Wholesale-GHS,39.79
2012-07-15,NORTHERN-TAMALE NORTH SUB METRO-Tamale-Maize-100 KG-Wholesale-GHS,36.92
2012-07-15,NORTHERN-TAMALE NORTH SUB METRO-Tamale-Maize-100 KG-Wholesale-GHS,36.92
2012-08-15,NORTHERN-TAMALE NORTH SUB METRO-Tamale-Maize-100 KG-Wholesale-GHS,36.08
2012-08-15,NORTHERN-TAMALE NORTH SUB METRO-Tamale-Maize-100 KG-Wholesale-GHS,36.08
2012-09-15,NORTHERN-TAMALE NORTH SUB METRO-Tamale-Maize-100 KG-Wholesale-GHS,28.04
2012-10-15,NORTHERN-TAMALE NORTH SUB METRO-Tamale-Maize-100 KG-Wholesale-GHS,25.4
2012-11-15,NORTHERN-TAMALE NORTH SUB METRO-Tamale-Maize-100 KG-Wholesale-GHS,25.53
2012-11-15,NORTHERN-TAMALE NORTH SUB METRO-Tamale-Maize-100 KG-Wholesale-GHS,25.53
2012-12-15,NORTHERN-TAMALE NORTH SUB METRO-Tamale-Maize-100 KG-Wholesale-GHS,25.82
2013-01-15,NORTHERN-TAMALE NORTH SUB METRO-Tamale-Maize-100 KG-Wholesale-GHS,28.42
2013-02-15,NORTHERN-TAMALE NORTH SUB METRO-Tamale-Maize-100 KG-Wholesale-GHS,29.89
2013-02-15,NORTHERN-TAMALE NORTH SUB METRO-Tamale-Maize-100 KG-Wholesale-GHS,29.89
2013-03-15,NORTHERN-TAMALE NORTH SUB METRO-Tamale-Maize-100 KG-Wholesale-GHS,27.2
2013-03-15,NORTHERN-TAMALE NORTH SUB METRO-Tamale-Maize-100 KG-Wholesale-GHS,27.2
2013-04-15,NORTHERN-TAMALE NORTH SUB METRO-Tamale-Maize-100 KG-Wholesale-GHS,24.74
2013-04-15,NORTHERN-TAMALE NORTH SUB METRO-Tamale-Maize-100 KG-Wholesale-GHS,24.74
2013-05-15,NORTHERN-TAMALE NORTH SUB METRO-Tamale-Maize-100 KG-Wholesale-GHS,23.37
2013-06-15,NORTHERN-TAMALE NORTH SUB METRO-Tamale-Maize-100 KG-Wholesale-GHS,22.8
2013-07-15,NORTHERN-TAMALE NORTH SUB METRO-Tamale-Maize-100 KG-Wholesale-GHS,23.53
2013-08-15,NORTHERN-TAMALE NORTH SUB METRO-Tamale-Maize-100 KG-Wholesale-GHS,22.64
2013-09-15,NORTHERN-TAMALE NORTH SUB METRO-Tamale-Maize-100 KG-Wholesale-GHS,22.12
2013-09-15,NORTHERN-TAMALE NORTH SUB METRO-Tamale-Maize-100 KG-Wholesale-GHS,22.12
2013-10-15,NORTHERN-TAMALE NORTH SUB METRO-Tamale-Maize-100 KG-Wholesale-GHS,22.22
2013-11-15,NORTHERN-TAMALE NORTH SUB METRO-Tamale-Maize-100 KG-Wholesale-GHS,22.87
2013-12-15,NORTHERN-TAMALE NORTH SUB METRO-Tamale-Maize-100 KG-Wholesale-GHS,22.21
2014-01-15,NORTHERN-TAMALE NORTH SUB METRO-Tamale-Maize-100 KG-Wholesale-GHS,27.62
2014-01-15,NORTHERN-TAMALE NORTH SUB METRO-Tamale-Maize-100 KG-Wholesale-GHS,27.62
2014-02-15,NORTHERN-TAMALE NORTH SUB METRO-Tamale-Maize-100 KG-Wholesale-GHS,23.81
2014-02-15,NORTHERN-TAMALE NORTH SUB METRO-Tamale-Maize-100 KG-Wholesale-GHS,23.81
2014-03-15,NORTHERN-TAMALE NORTH SUB METRO-Tamale-Maize-100 KG-Wholesale-GHS,23.5
2014-04-15,NORTHERN-TAMALE NORTH SUB METRO-Tamale-Maize-100 KG-Wholesale-GHS,22.91
2014-04-15,NORTHERN-TAMALE NORTH SUB METRO-Tamale-Maize-100 KG-Wholesale-GHS,22.91
2014-04-15,NORTHERN-TAMALE NORTH SUB METRO-Tamale-Maize-100 KG-Wholesale-GHS,22.91
2014-05-15,NORTHERN-TAMALE NORTH SUB METRO-Tamale-Maize-100 KG-Wholesale-GHS,26.48
2014-05-15,NORTHERN-TAMALE NORTH SUB METRO-Tamale-Maize-100 KG-Wholesale-GHS,26.48
2014-06-15,NORTHERN-TAMALE NORTH SUB METRO-Tamale-Maize-100 KG-Wholesale-GHS,25.83
2014-06-15,NORTHERN-TAMALE NORTH SUB METRO-Tamale-Maize-100 KG-Wholesale-GHS,25.83
2014-07-15,NORTHERN-TAMALE NORTH SUB METRO-Tamale-Maize-100 KG-Wholesale-GHS,23.32
2014-08-15,NORTHERN-TAMALE NORTH SUB METRO-Tamale-Maize-100 KG-Wholesale-GHS,29.25
2014-08-15,NORTHERN-TAMALE NORTH SUB METRO-Tamale-Maize-100 KG-Wholesale-GHS,29.25
2014-09-15,NORTHERN-TAMALE NORTH SUB METRO-Tamale-Maize-100 KG-Wholesale-GHS,28.25
2014-09-15,NORTHERN-TAMALE NORTH SUB METRO-Tamale-Maize-100 KG-Wholesale-GHS,28.25
2014-10-15,NORTHERN-TAMALE NORTH SUB METRO-Tamale-Maize-100 KG-Wholesale-GHS,31.35
2014-10-15,NORTHERN-TAMALE NORTH SUB METRO-Tamale-Maize-100 KG-Wholesale-GHS,31.35
2014-11-15,NORTHERN-TAMALE NORTH SUB METRO-Tamale-Maize-100 KG-Wholesale-GHS,31.15
2014-12-15,NORTHERN-TAMALE NORTH SUB METRO-Tamale-Maize-100 KG-Wholesale-GHS,31.25
2015-01-15,NORTHERN-TAMALE NORTH SUB METRO-Tamale-Maize-100 KG-Wholesale-GHS,30.86
2015-02-15,NORTHERN-TAMALE NORTH SUB METRO-Tamale-Maize-100 KG-Wholesale-GHS,29.41
2015-02-15,NORTHERN-TAMALE NORTH SUB METRO-Tamale-Maize-100 KG-Wholesale-GHS,29.41
2015-03-15,NORTHERN-TAMALE NORTH SUB METRO-Tamale-Maize-100 KG-Wholesale-GHS,25
2015-04-15,NORTHERN-TAMALE NORTH SUB METRO-Tamale-Maize-100 KG-Wholesale-GHS,26.11
2015-04-15,NORTHERN-TAMALE NORTH SUB METRO-Tamale-Maize-100 KG-Wholesale-GHS,26.11
2015-05-15,NORTHERN-TAMALE NORTH SUB METRO-Tamale-Maize-100 KG-Wholesale-GHS,33.5
2015-05-15,NORTHERN-TAMALE NORTH SUB METRO-Tamale-Maize-100 KG-Wholesale-GHS,33.5
2015-06-15,NORTHERN-TAMALE NORTH SUB METRO-Tamale-Maize-100 KG-Wholesale-GHS,34.64
2015-07-15,NORTHERN-TAMALE NORTH SUB METRO-Tamale-Maize-100 KG-Wholesale-GHS,44.12
2015-07-15,NORTHERN-TAMALE NORTH SUB METRO-Tamale-Maize-100 KG-Wholesale-GHS,44.12
2015-07-15,NORTHERN-TAMALE NORTH SUB METRO-Tamale-Maize-100 KG-Wholesale-GHS,44.12
2015-08-15,NORTHERN-TAMALE NORTH SUB METRO-Tamale-Maize-100 KG-Wholesale-GHS,39.12
2015-09-15,NORTHERN-TAMALE NORTH SUB METRO-Tamale-Maize-100 KG-Wholesale-GHS,38.17
2015-10-15,NORTHERN-TAMALE NORTH SUB METRO-Tamale-Maize-100 KG-Wholesale-GHS,38.5
2015-10-15,NORTHERN-TAMALE NORTH SUB METRO-Tamale-Maize-100 KG-Wholesale-GHS,38.5
2015-11-15,NORTHERN-TAMALE NORTH SUB METRO-Tamale-Maize-100 KG-Wholesale-GHS,32.89
2015-12-15,NORTHERN-TAMALE NORTH SUB METRO-Tamale-Maize-100 KG-Wholesale-GHS,32.97
2016-01-15,NORTHERN-TAMALE NORTH SUB METRO-Tamale-Maize-100 KG-Wholesale-GHS,28.57
2016-02-15,NORTHERN-TAMALE NORTH SUB METRO-Tamale-Maize-100 KG-Wholesale-GHS,25.25
2016-02-15,NORTHERN-TAMALE NORTH SUB METRO-Tamale-Maize-100 KG-Wholesale-GHS,25.25
2016-03-15,NORTHERN-TAMALE NORTH SUB METRO-Tamale-Maize-100 KG-Wholesale-GHS,26.04
2016-03-15,NORTHERN-TAMALE NORTH SUB METRO-Tamale-Maize-100 KG-Wholesale-GHS,26.04
2016-04-15,NORTHERN-TAMALE NORTH SUB METRO-Tamale-Maize-100 KG-Wholesale-GHS,26.25
2016-04-15,NORTHERN-TAMALE NORTH SUB METRO-Tamale-Maize-100 KG-Wholesale-GHS,26.25
2016-05-15,NORTHERN-TAMALE NORTH SUB METRO-Tamale-Maize-100 KG-Wholesale-GHS,26.25
2016-06-15,NORTHERN-TAMALE NORTH SUB METRO-Tamale-Maize-100 KG-Wholesale-GHS,25.91
2016-07-15,NORTHERN-TAMALE NORTH SUB METRO-Tamale-Maize-100 KG-Wholesale-GHS,27.99
2016-08-15,NORTHERN-TAMALE NORTH SUB METRO-Tamale-Maize-100 KG-Wholesale-GHS,29.22
2016-09-15,NORTHERN-TAMALE NORTH SUB METRO-Tamale-Maize-100 KG-Wholesale-GHS,24.16
2016-10-15,NORTHERN-TAMALE NORTH SUB METRO-Tamale-Maize-100 KG-Wholesale-GHS,18.26
2016-11-15,NORTHERN-TAMALE NORTH SUB METRO-Tamale-Maize-100 KG-Wholesale-GHS,15.5
2016-11-15,NORTHERN-TAMALE NORTH SUB METRO-Tamale-Maize-100 KG-Wholesale-GHS,15.5
2016-12-15,NORTHERN-TAMALE NORTH SUB METRO-Tamale-Maize-100 KG-Wholesale-GHS,17.52
2016-12-15,NORTHERN-TAMALE NORTH SUB METRO-Tamale-Maize-100 KG-Wholesale-GHS,17.52
2017-01-15,NORTHERN-TAMALE NORTH SUB METRO-Tamale-Maize-100 KG-Wholesale-GHS,18.51
2017-02-15,NORTHERN-TAMALE NORTH SUB METRO-Tamale-Maize-100 KG-Wholesale-GHS,18.22
2017-02-15,NORTHERN-TAMALE NORTH SUB METRO-Tamale-Maize-100 KG-Wholesale-GHS,18.22
2017-03-15,NORTHERN-TAMALE NORTH SUB METRO-Tamale-Maize-100 KG-Wholesale-GHS,17.7
2017-04-15,NORTHERN-TAMALE NORTH SUB METRO-Tamale-Maize-100 KG-Wholesale-GHS,23.92
2017-04-15,NORTHERN-TAMALE NORTH SUB METRO-Tamale-Maize-100 KG-Wholesale-GHS,23.92
2017-05-15,NORTHERN-TAMALE NORTH SUB METRO-Tamale-Maize-100 KG-Wholesale-GHS,24.1
2017-06-15,NORTHERN-TAMALE NORTH SUB METRO-Tamale-Maize-100 KG-Wholesale-GHS,22.78
2017-06-15,NORTHERN-TAMALE NORTH SUB METRO-Tamale-Maize-100 KG-Wholesale-GHS,22.78
2017-07-15,NORTHERN-TAMALE NORTH SUB METRO-Tamale-Maize-100 KG-Wholesale-GHS,22.21
2017-08-15,NORTHERN-TAMALE NORTH SUB METRO-Tamale-Maize-100 KG-Wholesale-GHS,22.98
2017-09-15,NORTHERN-TAMALE NORTH SUB METRO-Tamale-Maize-100 KG-Wholesale-GHS,22.73
2017-10-15,NORTHERN-TAMALE NORTH SUB METRO-Tamale-Maize-100 KG-Wholesale-GHS,20.59
2017-11-15,NORTHERN-TAMALE NORTH SUB METRO-Tamale-Maize-100 KG-Wholesale-GHS,19.91
2017-11-15,NORTHERN-TAMALE NORTH SUB METRO-Tamale-Maize-100 KG-Wholesale-GHS,19.91
2017-12-15,NORTHERN-TAMALE NORTH SUB METRO-Tamale-Maize-100 KG-Wholesale-GHS,19.96
2017-12-15,NORTHERN-TAMALE NORTH SUB METRO-Tamale-Maize-100 KG-Wholesale-GHS,19.96
2019-08-15,NORTHERN-TAMALE NORTH SUB METRO-Tamale-Maize-100 KG-Wholesale-GHS,21.41
2019-09-15,NORTHERN-TAMALE NORTH SUB METRO-Tamale-Maize-100 KG-Wholesale-GHS,17.97
2019-10-15,NORTHERN-TAMALE NORTH SUB METRO-Tamale-Maize-100 KG-Wholesale-GHS,17.87
2019-11-15,NORTHERN-TAMALE NORTH SUB METRO-Tamale-Maize-100 KG-Wholesale-GHS,14.24
2019-11-15,NORTHERN-TAMALE NORTH SUB METRO-Tamale-Maize-100 KG-Wholesale-GHS,14.24
2019-12-15,NORTHERN-TAMALE NORTH SUB METRO-Tamale-Maize-100 KG-Wholesale-GHS,13.45
2019-12-15,NORTHERN-TAMALE NORTH SUB METRO-Tamale-Maize-100 KG-Wholesale-GHS,13.45
2020-01-15,NORTHERN-TAMALE NORTH SUB METRO-Tamale-Maize-100 KG-Wholesale-GHS,19.06
2020-02-15,NORTHERN-TAMALE NORTH SUB METRO-Tamale-Maize-100 KG-Wholesale-GHS,21.21
2020-02-15,NORTHERN-TAMALE NORTH SUB METRO-Tamale-Maize-100 KG-Wholesale-GHS,21.21
2020-03-15,NORTHERN-TAMALE NORTH SUB METRO-Tamale-Maize-100 KG-Wholesale-GHS,19.52
2020-04-15,NORTHERN-TAMALE NORTH SUB METRO-Tamale-Maize-100 KG-Wholesale-GHS,18.41
2020-04-15,NORTHERN-TAMALE NORTH SUB METRO-Tamale-Maize-100 KG-Wholesale-GHS,18.41
2020-05-15,NORTHERN-TAMALE NORTH SUB METRO-Tamale-Maize-100 KG-Wholesale-GHS,20.02
2020-06-15,NORTHERN-TAMALE NORTH SUB METRO-Tamale-Maize-100 KG-Wholesale-GHS,17.48
2020-07-15,NORTHERN-TAMALE NORTH SUB METRO-Tamale-Maize-100 KG-Wholesale-GHS,20.51
2020-08-15,NORTHERN-TAMALE NORTH SUB METRO-Tamale-Maize-100 KG-Wholesale-GHS,21.58
2020-08-15,NORTHERN-TAMALE NORTH SUB METRO-Tamale-Maize-100 KG-Wholesale-GHS,21.58
2020-09-15,NORTHERN-TAMALE NORTH SUB METRO-Tamale-Maize-100 KG-Wholesale-GHS,21.48
2020-09-15,NORTHERN-TAMALE NORTH SUB METRO-Tamale-Maize-100 KG-Wholesale-GHS,21.48
2020-10-15,NORTHERN-TAMALE NORTH SUB METRO-Tamale-Maize-100 KG-Wholesale-GHS,21.41
2020-11-15,NORTHERN-TAMALE NORTH SUB METRO-Tamale-Maize-100 KG-Wholesale-GHS,21.29
2020-12-15,NORTHERN-TAMALE NORTH SUB METRO-Tamale-Maize-100 KG-Wholesale-GHS,23.17
2021-01-15,NORTHERN-TAMALE NORTH SUB METRO-Tamale-Maize-100 KG-Wholesale-GHS,25.53
2021-02-15,NORTHERN-TAMALE NORTH SUB METRO-Tamale-Maize-100 KG-Wholesale-GHS,26.66
2021-02-15,NORTHERN-TAMALE NORTH SUB METRO-Tamale-Maize-100 KG-Wholesale-GHS,26.66
2021-03-15,NORTHERN-TAMALE NORTH SUB METRO-Tamale-Maize-100 KG-Wholesale-GHS,23.62
2021-04-15,NORTHERN-TAMALE NORTH SUB METRO-Tamale-Maize-100 KG-Wholesale-GHS,26.71
2021-04-15,NORTHERN-TAMALE NORTH SUB METRO-Tamale-Maize-100 KG-Wholesale-GHS,26.71
2021-05-15,NORTHERN-TAMALE NORTH SUB METRO-Tamale-Maize-100 KG-Wholesale-GHS,33.5
2021-06-15,NORTHERN-TAMALE NORTH SUB METRO-Tamale-Maize-100 KG-Wholesale-GHS,39.01
2021-07-15,NORTHERN-TAMALE NORTH SUB METRO-Tamale-Maize-100 KG-Wholesale-GHS,44.43
2021-07-15,NORTHERN-TAMALE NORTH SUB METRO-Tamale-Maize-100 KG-Wholesale-GHS,44.43
2021-08-15,NORTHERN-TAMALE NORTH SUB METRO-Tamale-Maize-100 KG-Wholesale-GHS,50.27
2021-09-15,NORTHERN-TAMALE NORTH SUB METRO-Tamale-Maize-100 KG-Wholesale-GHS,50.61
2021-10-15,NORTHERN-TAMALE NORTH SUB METRO-Tamale-Maize-100 KG-Wholesale-GHS,37.64
2021-11-15,NORTHERN-TAMALE NORTH SUB METRO-Tamale-Maize-100 KG-Wholesale-GHS,43.55
2021-12-15,NORTHERN-TAMALE NORTH SUB METRO-Tamale-Maize-100 KG-Wholesale-GHS,43.55
2022-01-15,NORTHERN-TAMALE NORTH SUB METRO-Tamale-Maize-100 KG-Wholesale-GHS,37
2022-02-15,NORTHERN-TAMALE NORTH SUB METRO-Tamale-Maize-100 KG-Wholesale-GHS,40.65
2022-03-15,NORTHERN-TAMALE NORTH SUB METRO-Tamale-Maize-100 KG-Wholesale-GHS,37.51
2022-03-15,NORTHERN-TAMALE NORTH SUB METRO-Tamale-Maize-100 KG-Wholesale-GHS,37.51
2022-04-15,NORTHERN-TAMALE NORTH SUB METRO-Tamale-Maize-100 KG-Wholesale-GHS,40.28
2022-04-15,NORTHERN-TAMALE NORTH SUB METRO-Tamale-Maize-100 KG-Wholesale-GHS,40.28
2022-05-15,NORTHERN-TAMALE NORTH SUB METRO-Tamale-Maize-100 KG-Wholesale-GHS,40.19
2022-06-15,NORTHERN-TAMALE NORTH SUB METRO-Tamale-Maize-100 KG-Wholesale-GHS,38.23
2022-07-15,NORTHERN-TAMALE NORTH SUB METRO-Tamale-Maize-100 KG-Wholesale-GHS,37.61
2022-08-15,NORTHERN-TAMALE NORTH SUB METRO-Tamale-Maize-100 KG-Wholesale-GHS,32.98
2022-10-15,NORTHERN-TAMALE NORTH SUB METRO-Tamale-Maize-100 KG-Wholesale-GHS,27.89
2022-10-15,NORTHERN-TAMALE NORTH SUB METRO-Tamale-Maize-100 KG-Wholesale-GHS,27.89
2022-11-15,NORTHERN-TAMALE NORTH SUB METRO-Tamale-Maize-100 KG-Wholesale-GHS,27.47
2023-01-15,NORTHERN-TAMALE NORTH SUB METRO-Tamale-Maize-100 KG-Wholesale-GHS,46.82
2023-02-15,NORTHERN-TAMALE NORTH SUB METRO-Tamale-Maize-100 KG-Wholesale-GHS,38.46
2023-02-15,NORTHERN-TAMALE NORTH SUB METRO-Tamale-Maize-100 KG-Wholesale-GHS,38.46
2023-03-15,NORTHERN-TAMALE NORTH SUB METRO-Tamale-Maize-100 KG-Wholesale-GHS,37.83
2023-04-15,NORTHERN-TAMALE NORTH SUB METRO-Tamale-Maize-100 KG-Wholesale-GHS,47.1
2023-05-15,NORTHERN-TAMALE NORTH SUB METRO-Tamale-Maize-100 KG-Wholesale-GHS,50.58
2023-05-15,NORTHERN-TAMALE NORTH SUB METRO-Tamale-Maize-100 KG-Wholesale-GHS,50.58
2023-07-15,NORTHERN-TAMALE NORTH SUB METRO-Tamale-Maize-100 KG-Wholesale-GHS,55.94
2023-07-15,NORTHERN-TAMALE NORTH SUB METRO-Tamale-Maize-100 KG-Wholesale-GHS,55.94
2008-01-15,BRONG AHAFO-TECHIMAN MUNICIPAL-Techiman-Plantains (apentu)-Bunch-Wholesale-GHS,1.97
2008-01-15,BRONG AHAFO-TECHIMAN MUNICIPAL-Techiman-Plantains (apentu)-Bunch-Wholesale-GHS,1.97
2008-02-15,BRONG AHAFO-TECHIMAN MUNICIPAL-Techiman-Plantains (apentu)-Bunch-Wholesale-GHS,2.47
2008-02-15,BRONG AHAFO-TECHIMAN MUNICIPAL-Techiman-Plantains (apentu)-Bunch-Wholesale-GHS,2.47
2008-04-15,BRONG AHAFO-TECHIMAN MUNICIPAL-Techiman-Plantains (apentu)-Bunch-Wholesale-GHS,3.64
2008-04-15,BRONG AHAFO-TECHIMAN MUNICIPAL-Techiman-Plantains (apentu)-Bunch-Wholesale-GHS,3.64
2008-06-15,BRONG AHAFO-TECHIMAN MUNICIPAL-Techiman-Plantains (apentu)-Bunch-Wholesale-GHS,4.66
2008-06-15,BRONG AHAFO-TECHIMAN MUNICIPAL-Techiman-Plantains (apentu)-Bunch-Wholesale-GHS,4.66
2008-08-15,BRONG AHAFO-TECHIMAN MUNICIPAL-Techiman-Plantains (apentu)-Bunch-Wholesale-GHS,3.7
2008-08-15,BRONG AHAFO-TECHIMAN MUNICIPAL-Techiman-Plantains (apentu)-Bunch-Wholesale-GHS,3.7
2008-12-15,BRONG AHAFO-TECHIMAN MUNICIPAL-Techiman-Plantains (apentu)-Bunch-Wholesale-GHS,1.34
2008-12-15,BRONG AHAFO-TECHIMAN MUNICIPAL-Techiman-Plantains (apentu)-Bunch-Wholesale-GHS,1.34
2009-02-15,BRONG AHAFO-TECHIMAN MUNICIPAL-Techiman-Plantains (apentu)-Bunch-Wholesale-GHS,1.09
2009-02-15,BRONG AHAFO-TECHIMAN MUNICIPAL-Techiman-Plantains (apentu)-Bunch-Wholesale-GHS,1.09
2009-03-15,BRONG AHAFO-TECHIMAN MUNICIPAL-Techiman-Plantains (apentu)-Bunch-Wholesale-GHS,0.71
2009-03-15,BRONG AHAFO-TECHIMAN MUNICIPAL-Techiman-Plantains (apentu)-Bunch-Wholesale-GHS,0.71
2009-04-15,BRONG AHAFO-TECHIMAN MUNICIPAL-Techiman-Plantains (apentu)-Bunch-Wholesale-GHS,1.43
2009-04-15,BRONG AHAFO-TECHIMAN MUNICIPAL-Techiman-Plantains (apentu)-Bunch-Wholesale-GHS,1.43
2009-05-15,BRONG AHAFO-TECHIMAN MUNICIPAL-Techiman-Plantains (apentu)-Bunch-Wholesale-GHS,1.45
2009-07-15,BRONG AHAFO-TECHIMAN MUNICIPAL-Techiman-Plantains (apentu)-Bunch-Wholesale-GHS,2.52
2009-08-15,BRONG AHAFO-TECHIMAN MUNICIPAL-Techiman-Plantains (apentu)-Bunch-Wholesale-GHS,2.59
2009-10-15,BRONG AHAFO-TECHIMAN MUNICIPAL-Techiman-Plantains (apentu)-Bunch-Wholesale-GHS,2.07
2009-10-15,BRONG AHAFO-TECHIMAN MUNICIPAL-Techiman-Plantains (apentu)-Bunch-Wholesale-GHS,2.07
2009-11-15,BRONG AHAFO-TECHIMAN MUNICIPAL-Techiman-Plantains (apentu)-Bunch-Wholesale-GHS,2.31
2009-11-15,BRONG AHAFO-TECHIMAN MUNICIPAL-Techiman-Plantains (apentu)-Bunch-Wholesale-GHS,2.31
2010-03-15,BRONG AHAFO-TECHIMAN MUNICIPAL-Techiman-Plantains (apentu)-Bunch-Wholesale-GHS,2.55
2010-04-15,BRONG AHAFO-TECHIMAN MUNICIPAL-Techiman-Plantains (apentu)-Bunch-Wholesale-GHS,2.82
2010-04-15,BRONG AHAFO-TECHIMAN MUNICIPAL-Techiman-Plantains (apentu)-Bunch-Wholesale-GHS,2.82
2010-05-15,BRONG AHAFO-TECHIMAN MUNICIPAL-Techiman-Plantains (apentu)-Bunch-Wholesale-GHS,3.1
2010-05-15,BRONG AHAFO-TECHIMAN MUNICIPAL-Techiman-Plantains (apentu)-Bunch-Wholesale-GHS,3.1
2010-06-15,BRONG AHAFO-TECHIMAN MUNICIPAL-Techiman-Plantains (apentu)-Bunch-Wholesale-GHS,3.85
2010-06-15,BRONG AHAFO-TECHIMAN MUNICIPAL-Techiman-Plantains (apentu)-Bunch-Wholesale-GHS,3.85
2010-08-15,BRONG AHAFO-TECHIMAN MUNICIPAL-Techiman-Plantains (apentu)-Bunch-Wholesale-GHS,4.07
2010-08-15,BRONG AHAFO-TECHIMAN MUNICIPAL-Techiman-Plantains (apentu)-Bunch-Wholesale-GHS,4.07
2010-10-15,BRONG AHAFO-TECHIMAN MUNICIPAL-Techiman-Plantains (apentu)-Bunch-Wholesale-GHS,2.43
2010-10-15,BRONG AHAFO-TECHIMAN MUNICIPAL-Techiman-Plantains (apentu)-Bunch-Wholesale-GHS,2.43
2010-11-15,BRONG AHAFO-TECHIMAN MUNICIPAL-Techiman-Plantains (apentu)-Bunch-Wholesale-GHS,1.91
2011-01-15,BRONG AHAFO-TECHIMAN MUNICIPAL-Techiman-Plantains (apentu)-Bunch-Wholesale-GHS,1.91
2011-01-15,BRONG AHAFO-TECHIMAN MUNICIPAL-Techiman-Plantains (apentu)-Bunch-Wholesale-GHS,1.91
2011-03-15,BRONG AHAFO-TECHIMAN MUNICIPAL-Techiman-Plantains (apentu)-Bunch-Wholesale-GHS,2.12
2011-03-15,BRONG AHAFO-TECHIMAN MUNICIPAL-Techiman-Plantains (apentu)-Bunch-Wholesale-GHS,2.12
2011-05-15,BRONG AHAFO-TECHIMAN MUNICIPAL-Techiman-Plantains (apentu)-Bunch-Wholesale-GHS,2.81
2011-05-15,BRONG AHAFO-TECHIMAN MUNICIPAL-Techiman-Plantains (apentu)-Bunch-Wholesale-GHS,2.81
2011-06-15,BRONG AHAFO-TECHIMAN MUNICIPAL-Techiman-Plantains (apentu)-Bunch-Wholesale-GHS,3.15
2011-06-15,BRONG AHAFO-TECHIMAN MUNICIPAL-Techiman-Plantains (apentu)-Bunch-Wholesale-GHS,3.15
2011-07-15,BRONG AHAFO-TECHIMAN MUNICIPAL-Techiman-Plantains (apentu)-Bunch-Wholesale-GHS,3.81
2011-07-15,BRONG AHAFO-TECHIMAN MUNICIPAL-Techiman-Plantains (apentu)-Bunch-Wholesale-GHS,3.81
2011-08-15,BRONG AHAFO-TECHIMAN MUNICIPAL-Techiman-Plantains (apentu)-Bunch-Wholesale-GHS,3.49
2011-08-15,BRONG AHAFO-TECHIMAN MUNICIPAL-Techiman-Plantains (apentu)-Bunch-Wholesale-GHS,3.49
2011-09-15,BRONG AHAFO-TECHIMAN MUNICIPAL-Techiman-Plantains (apentu)-Bunch-Wholesale-GHS,3.18
2011-09-15,BRONG AHAFO-TECHIMAN MUNICIPAL-Techiman-Plantains (apentu)-Bunch-Wholesale-GHS,3.18
2011-10-15,BRONG AHAFO-TECHIMAN MUNICIPAL-Techiman-Plantains (apentu)-Bunch-Wholesale-GHS,3.67
2011-10-15,BRONG AHAFO-TECHIMAN MUNICIPAL-Techiman-Plantains (apentu)-Bunch-Wholesale-GHS,3.67
2011-11-15,BRONG AHAFO-TECHIMAN MUNICIPAL-Techiman-Plantains (apentu)-Bunch-Wholesale-GHS,3.42
2011-11-15,BRONG AHAFO-TECHIMAN MUNICIPAL-Techiman-Plantains (apentu)-Bunch-Wholesale-GHS,3.42
2011-12-15,BRONG AHAFO-TECHIMAN MUNICIPAL-Techiman-Plantains (apentu)-Bunch-Wholesale-GHS,2.5
2011-12-15,BRONG AHAFO-TECHIMAN MUNICIPAL-Techiman-Plantains (apentu)-Bunch-Wholesale-GHS,2.5
2012-01-15,BRONG AHAFO-TECHIMAN MUNICIPAL-Techiman-Plantains (apentu)-Bunch-Wholesale-GHS,2.33
2012-01-15,BRONG AHAFO-TECHIMAN MUNICIPAL-Techiman-Plantains (apentu)-Bunch-Wholesale-GHS,2.33
2012-02-15,BRONG AHAFO-TECHIMAN MUNICIPAL-Techiman-Plantains (apentu)-Bunch-Wholesale-GHS,1.91
2012-02-15,BRONG AHAFO-TECHIMAN MUNICIPAL-Techiman-Plantains (apentu)-Bunch-Wholesale-GHS,1.91
2012-04-15,BRONG AHAFO-TECHIMAN MUNICIPAL-Techiman-Plantains (apentu)-Bunch-Wholesale-GHS,3.4
2012-05-15,BRONG AHAFO-TECHIMAN MUNICIPAL-Techiman-Plantains (apentu)-Bunch-Wholesale-GHS,3.62
2012-05-15,BRONG AHAFO-TECHIMAN MUNICIPAL-Techiman-Plantains (apentu)-Bunch-Wholesale-GHS,3.62
2012-06-15,BRONG AHAFO-TECHIMAN MUNICIPAL-Techiman-Plantains (apentu)-Bunch-Wholesale-GHS,4.92
2012-06-15,BRONG AHAFO-TECHIMAN MUNICIPAL-Techiman-Plantains (apentu)-Bunch-Wholesale-GHS,4.92
2012-08-15,BRONG AHAFO-TECHIMAN MUNICIPAL-Techiman-Plantains (apentu)-Bunch-Wholesale-GHS,7.73
2012-09-15,BRONG AHAFO-TECHIMAN MUNICIPAL-Techiman-Plantains (apentu)-Bunch-Wholesale-GHS,5.82
2012-10-15,BRONG AHAFO-TECHIMAN MUNICIPAL-Techiman-Plantains (apentu)-Bunch-Wholesale-GHS,5.56
2012-10-15,BRONG AHAFO-TECHIMAN MUNICIPAL-Techiman-Plantains (apentu)-Bunch-Wholesale-GHS,5.56
2012-11-15,BRONG AHAFO-TECHIMAN MUNICIPAL-Techiman-Plantains (apentu)-Bunch-Wholesale-GHS,5.72
2012-12-15,BRONG AHAFO-TECHIMAN MUNICIPAL-Techiman-Plantains (apentu)-Bunch-Wholesale-GHS,4.44
2012-12-15,BRONG AHAFO-TECHIMAN MUNICIPAL-Techiman-Plantains (apentu)-Bunch-Wholesale-GHS,4.44
2013-02-15,BRONG AHAFO-TECHIMAN MUNICIPAL-Techiman-Plantains (apentu)-Bunch-Wholesale-GHS,5.16
2013-02-15,BRONG AHAFO-TECHIMAN MUNICIPAL-Techiman-Plantains (apentu)-Bunch-Wholesale-GHS,5.16
2013-03-15,BRONG AHAFO-TECHIMAN MUNICIPAL-Techiman-Plantains (apentu)-Bunch-Wholesale-GHS,5.05
2013-03-15,BRONG AHAFO-TECHIMAN MUNICIPAL-Techiman-Plantains (apentu)-Bunch-Wholesale-GHS,5.05
2013-07-15,BRONG AHAFO-TECHIMAN MUNICIPAL-Techiman-Plantains (apentu)-Bunch-Wholesale-GHS,7.35
2013-07-15,BRONG AHAFO-TECHIMAN MUNICIPAL-Techiman-Plantains (apentu)-Bunch-Wholesale-GHS,7.35
2013-09-15,BRONG AHAFO-TECHIMAN MUNICIPAL-Techiman-Plantains (apentu)-Bunch-Wholesale-GHS,5.76
2013-10-15,BRONG AHAFO-TECHIMAN MUNICIPAL-Techiman-Plantains (apentu)-Bunch-Wholesale-GHS,5.21
2013-10-15,BRONG AHAFO-TECHIMAN MUNICIPAL-Techiman-Plantains (apentu)-Bunch-Wholesale-GHS,5.21
2013-11-15,BRONG AHAFO-TECHIMAN MUNICIPAL-Techiman-Plantains (apentu)-Bunch-Wholesale-GHS,5.38
2013-12-15,BRONG AHAFO-TECHIMAN MUNICIPAL-Techiman-Plantains (apentu)-Bunch-Wholesale-GHS,4.57
2014-01-15,BRONG AHAFO-TECHIMAN MUNICIPAL-Techiman-Plantains (apentu)-Bunch-Wholesale-GHS,3.93
2014-01-15,BRONG AHAFO-TECHIMAN MUNICIPAL-Techiman-Plantains (apentu)-Bunch-Wholesale-GHS,3.93
2014-03-15,BRONG AHAFO-TECHIMAN MUNICIPAL-Techiman-Plantains (apentu)-Bunch-Wholesale-GHS,2.66
2014-03-15,BRONG AHAFO-TECHIMAN MUNICIPAL-Techiman-Plantains (apentu)-Bunch-Wholesale-GHS,2.66
2014-04-15,BRONG AHAFO-TECHIMAN MUNICIPAL-Techiman-Plantains (apentu)-Bunch-Wholesale-GHS,2.55
2014-07-15,BRONG AHAFO-TECHIMAN MUNICIPAL-Techiman-Plantains (apentu)-Bunch-Wholesale-GHS,2.04
2014-07-15,BRONG AHAFO-TECHIMAN MUNICIPAL-Techiman-Plantains (apentu)-Bunch-Wholesale-GHS,2.04
2014-08-15,BRONG AHAFO-TECHIMAN MUNICIPAL-Techiman-Plantains (apentu)-Bunch-Wholesale-GHS,1.95
2014-08-15,BRONG AHAFO-TECHIMAN MUNICIPAL-Techiman-Plantains (apentu)-Bunch-Wholesale-GHS,1.95
2014-09-15,BRONG AHAFO-TECHIMAN MUNICIPAL-Techiman-Plantains (apentu)-Bunch-Wholesale-GHS,1.98
2014-11-15,BRONG AHAFO-TECHIMAN MUNICIPAL-Techiman-Plantains (apentu)-Bunch-Wholesale-GHS,2.18
2014-11-15,BRONG AHAFO-TECHIMAN MUNICIPAL-Techiman-Plantains (apentu)-Bunch-Wholesale-GHS,2.18
2014-12-15,BRONG AHAFO-TECHIMAN MUNICIPAL-Techiman-Plantains (apentu)-Bunch-Wholesale-GHS,2.19
2014-12-15,BRONG AHAFO-TECHIMAN MUNICIPAL-Techiman-Plantains (apentu)-Bunch-Wholesale-GHS,2.19
2015-01-15,BRONG AHAFO-TECHIMAN MUNICIPAL-Techiman-Plantains (apentu)-Bunch-Wholesale-GHS,2.16
2015-01-15,BRONG AHAFO-TECHIMAN MUNICIPAL-Techiman-Plantains (apentu)-Bunch-Wholesale-GHS,2.16
2015-02-15,BRONG AHAFO-TECHIMAN MUNICIPAL-Techiman-Plantains (apentu)-Bunch-Wholesale-GHS,2.35
2015-03-15,BRONG AHAFO-TECHIMAN MUNICIPAL-Techiman-Plantains (apentu)-Bunch-Wholesale-GHS,2.22
2015-03-15,BRONG AHAFO-TECHIMAN MUNICIPAL-Techiman-Plantains (apentu)-Bunch-Wholesale-GHS,2.22
2015-04-15,BRONG AHAFO-TECHIMAN MUNICIPAL-Techiman-Plantains (apentu)-Bunch-Wholesale-GHS,8.49
2015-04-15,BRONG AHAFO-TECHIMAN MUNICIPAL-Techiman-Plantains (apentu)-Bunch-Wholesale-GHS,8.49
2015-05-15,BRONG AHAFO-TECHIMAN MUNICIPAL-Techiman-Plantains (apentu)-Bunch-Wholesale-GHS,2.74
2015-07-15,BRONG AHAFO-TECHIMAN MUNICIPAL-Techiman-Plantains (apentu)-Bunch-Wholesale-GHS,8.97
2015-07-15,BRONG AHAFO-TECHIMAN MUNICIPAL-Techiman-Plantains (apentu)-Bunch-Wholesale-GHS,8.97
2015-08-15,BRONG AHAFO-TECHIMAN MUNICIPAL-Techiman-Plantains (apentu)-Bunch-Wholesale-GHS,3.77
2015-08-15,BRONG AHAFO-TECHIMAN MUNICIPAL-Techiman-Plantains (apentu)-Bunch-Wholesale-GHS,3.77
2015-09-15,BRONG AHAFO-TECHIMAN MUNICIPAL-Techiman-Plantains (apentu)-Bunch-Wholesale-GHS,3.18
2015-10-15,BRONG AHAFO-TECHIMAN MUNICIPAL-Techiman-Plantains (apentu)-Bunch-Wholesale-GHS,2.67
2015-10-15,BRONG AHAFO-TECHIMAN MUNICIPAL-Techiman-Plantains (apentu)-Bunch-Wholesale-GHS,2.67
2015-11-15,BRONG AHAFO-TECHIMAN MUNICIPAL-Techiman-Plantains (apentu)-Bunch-Wholesale-GHS,2.63
2015-12-15,BRONG AHAFO-TECHIMAN MUNICIPAL-Techiman-Plantains (apentu)-Bunch-Wholesale-GHS,3.16
2015-12-15,BRONG AHAFO-TECHIMAN MUNICIPAL-Techiman-Plantains (apentu)-Bunch-Wholesale-GHS,3.16
2016-01-15,BRONG AHAFO-TECHIMAN MUNICIPAL-Techiman-Plantains (apentu)-Bunch-Wholesale-GHS,2.96
2016-01-15,BRONG AHAFO-TECHIMAN MUNICIPAL-Techiman-Plantains (apentu)-Bunch-Wholesale-GHS,2.96
2016-02-15,BRONG AHAFO-TECHIMAN MUNICIPAL-Techiman-Plantains (apentu)-Bunch-Wholesale-GHS,3.35
2016-02-15,BRONG AHAFO-TECHIMAN MUNICIPAL-Techiman-Plantains (apentu)-Bunch-Wholesale-GHS,3.35
2016-03-15,BRONG AHAFO-TECHIMAN MUNICIPAL-Techiman-Plantains (apentu)-Bunch-Wholesale-GHS,3.52
2016-03-15,BRONG AHAFO-TECHIMAN MUNICIPAL-Techiman-Plantains (apentu)-Bunch-Wholesale-GHS,3.52
2016-05-15,BRONG AHAFO-TECHIMAN MUNICIPAL-Techiman-Plantains (apentu)-Bunch-Wholesale-GHS,9.19
2016-05-15,BRONG AHAFO-TECHIMAN MUNICIPAL-Techiman-Plantains (apentu)-Bunch-Wholesale-GHS,9.19
2016-06-15,BRONG AHAFO-TECHIMAN MUNICIPAL-Techiman-Plantains (apentu)-Bunch-Wholesale-GHS,8.74
2016-06-15,BRONG AHAFO-TECHIMAN MUNICIPAL-Techiman-Plantains (apentu)-Bunch-Wholesale-GHS,8.74
2016-07-15,BRONG AHAFO-TECHIMAN MUNICIPAL-Techiman-Plantains (apentu)-Bunch-Wholesale-GHS,10.69
2016-07-15,BRONG AHAFO-TECHIMAN MUNICIPAL-Techiman-Plantains (apentu)-Bunch-Wholesale-GHS,10.69
2016-08-15,BRONG AHAFO-TECHIMAN MUNICIPAL-Techiman-Plantains (apentu)-Bunch-Wholesale-GHS,6.82
2016-09-15,BRONG AHAFO-TECHIMAN MUNICIPAL-Techiman-Plantains (apentu)-Bunch-Wholesale-GHS,4.42
2016-09-15,BRONG AHAFO-TECHIMAN MUNICIPAL-Techiman-Plantains (apentu)-Bunch-Wholesale-GHS,4.42
2016-10-15,BRONG AHAFO-TECHIMAN MUNICIPAL-Techiman-Plantains (apentu)-Bunch-Wholesale-GHS,3.3
2016-11-15,BRONG AHAFO-TECHIMAN MUNICIPAL-Techiman-Plantains (apentu)-Bunch-Wholesale-GHS,3.1
2016-11-15,BRONG AHAFO-TECHIMAN MUNICIPAL-Techiman-Plantains (apentu)-Bunch-Wholesale-GHS,3.1
2016-12-15,BRONG AHAFO-TECHIMAN MUNICIPAL-Techiman-Plantains (apentu)-Bunch-Wholesale-GHS,3.22
2016-12-15,BRONG AHAFO-TECHIMAN MUNICIPAL-Techiman-Plantains (apentu)-Bunch-Wholesale-GHS,3.22
2017-01-15,BRONG AHAFO-TECHIMAN MUNICIPAL-Techiman-Plantains (apentu)-Bunch-Wholesale-GHS,3
2017-01-15,BRONG AHAFO-TECHIMAN MUNICIPAL-Techiman-Plantains (apentu)-Bunch-Wholesale-GHS,3
2017-02-15,BRONG AHAFO-TECHIMAN MUNICIPAL-Techiman-Plantains (apentu)-Bunch-Wholesale-GHS,2.73
2017-02-15,BRONG AHAFO-TECHIMAN MUNICIPAL-Techiman-Plantains (apentu)-Bunch-Wholesale-GHS,2.73
2017-03-15,BRONG AHAFO-TECHIMAN MUNICIPAL-Techiman-Plantains (apentu)-Bunch-Wholesale-GHS,3.54
2017-03-15,BRONG AHAFO-TECHIMAN MUNICIPAL-Techiman-Plantains (apentu)-Bunch-Wholesale-GHS,3.54
2017-04-15,BRONG AHAFO-TECHIMAN MUNICIPAL-Techiman-Plantains (apentu)-Bunch-Wholesale-GHS,8.37
2017-04-15,BRONG AHAFO-TECHIMAN MUNICIPAL-Techiman-Plantains (apentu)-Bunch-Wholesale-GHS,8.37
2017-06-15,BRONG AHAFO-TECHIMAN MUNICIPAL-Techiman-Plantains (apentu)-Bunch-Wholesale-GHS,9.11
2017-06-15,BRONG AHAFO-TECHIMAN MUNICIPAL-Techiman-Plantains (apentu)-Bunch-Wholesale-GHS,9.11
2017-07-15,BRONG AHAFO-TECHIMAN MUNICIPAL-Techiman-Plantains (apentu)-Bunch-Wholesale-GHS,18.38
2017-07-15,BRONG AHAFO-TECHIMAN MUNICIPAL-Techiman-Plantains (apentu)-Bunch-Wholesale-GHS,18.38
2017-08-15,BRONG AHAFO-TECHIMAN MUNICIPAL-Techiman-Plantains (apentu)-Bunch-Wholesale-GHS,4.48
2017-08-15,BRONG AHAFO-TECHIMAN MUNICIPAL-Techiman-Plantains (apentu)-Bunch-Wholesale-GHS,4.48
2017-12-15,BRONG AHAFO-TECHIMAN MUNICIPAL-Techiman-Plantains (apentu)-Bunch-Wholesale-GHS,2.37
2017-12-15,BRONG AHAFO-TECHIMAN MUNICIPAL-Techiman-Plantains (apentu)-Bunch-Wholesale-GHS,2.37
2018-02-15,BRONG AHAFO-TECHIMAN MUNICIPAL-Techiman-Plantains (apentu)-Bunch-Wholesale-GHS,2.03
2018-02-15,BRONG AHAFO-TECHIMAN MUNICIPAL-Techiman-Plantains (apentu)-Bunch-Wholesale-GHS,2.03
2018-03-15,BRONG AHAFO-TECHIMAN MUNICIPAL-Techiman-Plantains (apentu)-Bunch-Wholesale-GHS,2.13
2018-04-15,BRONG AHAFO-TECHIMAN MUNICIPAL-Techiman-Plantains (apentu)-Bunch-Wholesale-GHS,3.59
2018-04-15,BRONG AHAFO-TECHIMAN MUNICIPAL-Techiman-Plantains (apentu)-Bunch-Wholesale-GHS,3.59
2018-05-15,BRONG AHAFO-TECHIMAN MUNICIPAL-Techiman-Plantains (apentu)-Bunch-Wholesale-GHS,3.85
2018-09-15,BRONG AHAFO-TECHIMAN MUNICIPAL-Techiman-Plantains (apentu)-Bunch-Wholesale-GHS,2.49
2019-01-15,BRONG AHAFO-TECHIMAN MUNICIPAL-Techiman-Plantains (apentu)-Bunch-Wholesale-GHS,2.28
2019-01-15,BRONG AHAFO-TECHIMAN MUNICIPAL-Techiman-Plantains (apentu)-Bunch-Wholesale-GHS,2.28
2019-03-15,BRONG AHAFO-TECHIMAN MUNICIPAL-Techiman-Plantains (apentu)-Bunch-Wholesale-GHS,2.07
2019-03-15,BRONG AHAFO-TECHIMAN MUNICIPAL-Techiman-Plantains (apentu)-Bunch-Wholesale-GHS,2.07
2019-05-15,BRONG AHAFO-TECHIMAN MUNICIPAL-Techiman-Plantains (apentu)-Bunch-Wholesale-GHS,3.96
2019-06-15,BRONG AHAFO-TECHIMAN MUNICIPAL-Techiman-Plantains (apentu)-Bunch-Wholesale-GHS,4
2019-08-15,BRONG AHAFO-TECHIMAN MUNICIPAL-Techiman-Plantains (apentu)-Bunch-Wholesale-GHS,4.94
2019-08-15,BRONG AHAFO-TECHIMAN MUNICIPAL-Techiman-Plantains (apentu)-Bunch-Wholesale-GHS,4.94
2019-09-15,BRONG AHAFO-TECHIMAN MUNICIPAL-Techiman-Plantains (apentu)-Bunch-Wholesale-GHS,4.37
2019-11-15,BRONG AHAFO-TECHIMAN MUNICIPAL-Techiman-Plantains (apentu)-Bunch-Wholesale-GHS,3.96
2019-11-15,BRONG AHAFO-TECHIMAN MUNICIPAL-Techiman-Plantains (apentu)-Bunch-Wholesale-GHS,3.96
2019-12-15,BRONG AHAFO-TECHIMAN MUNICIPAL-Techiman-Plantains (apentu)-Bunch-Wholesale-GHS,4
2019-12-15,BRONG AHAFO-TECHIMAN MUNICIPAL-Techiman-Plantains (apentu)-Bunch-Wholesale-GHS,4
2020-02-15,BRONG AHAFO-TECHIMAN MUNICIPAL-Techiman-Plantains (apentu)-Bunch-Wholesale-GHS,5.27
2020-02-15,BRONG AHAFO-TECHIMAN MUNICIPAL-Techiman-Plantains (apentu)-Bunch-Wholesale-GHS,5.27
2020-03-15,BRONG AHAFO-TECHIMAN MUNICIPAL-Techiman-Plantains (apentu)-Bunch-Wholesale-GHS,7.74
2020-03-15,BRONG AHAFO-TECHIMAN MUNICIPAL-Techiman-Plantains (apentu)-Bunch-Wholesale-GHS,7.74
2020-04-15,BRONG AHAFO-TECHIMAN MUNICIPAL-Techiman-Plantains (apentu)-Bunch-Wholesale-GHS,4.47
2020-04-15,BRONG AHAFO-TECHIMAN MUNICIPAL-Techiman-Plantains (apentu)-Bunch-Wholesale-GHS,4.47
2020-05-15,BRONG AHAFO-TECHIMAN MUNICIPAL-Techiman-Plantains (apentu)-Bunch-Wholesale-GHS,5.98
2020-05-15,BRONG AHAFO-TECHIMAN MUNICIPAL-Techiman-Plantains (apentu)-Bunch-Wholesale-GHS,5.98
2020-06-15,BRONG AHAFO-TECHIMAN MUNICIPAL-Techiman-Plantains (apentu)-Bunch-Wholesale-GHS,5.65
2020-06-15,BRONG AHAFO-TECHIMAN MUNICIPAL-Techiman-Plantains (apentu)-Bunch-Wholesale-GHS,5.65
2020-07-15,BRONG AHAFO-TECHIMAN MUNICIPAL-Techiman-Plantains (apentu)-Bunch-Wholesale-GHS,8.48
2020-07-15,BRONG AHAFO-TECHIMAN MUNICIPAL-Techiman-Plantains (apentu)-Bunch-Wholesale-GHS,8.48
2020-08-15,BRONG AHAFO-TECHIMAN MUNICIPAL-Techiman-Plantains (apentu)-Bunch-Wholesale-GHS,6.99
2020-08-15,BRONG AHAFO-TECHIMAN MUNICIPAL-Techiman-Plantains (apentu)-Bunch-Wholesale-GHS,6.99
2020-09-15,BRONG AHAFO-TECHIMAN MUNICIPAL-Techiman-Plantains (apentu)-Bunch-Wholesale-GHS,3.77
2020-09-15,BRONG AHAFO-TECHIMAN MUNICIPAL-Techiman-Plantains (apentu)-Bunch-Wholesale-GHS,3.77
2020-10-15,BRONG AHAFO-TECHIMAN MUNICIPAL-Techiman-Plantains (apentu)-Bunch-Wholesale-GHS,13.51
2020-11-15,BRONG AHAFO-TECHIMAN MUNICIPAL-Techiman-Plantains (apentu)-Bunch-Wholesale-GHS,13.31
2020-11-15,BRONG AHAFO-TECHIMAN MUNICIPAL-Techiman-Plantains (apentu)-Bunch-Wholesale-GHS,13.31
2020-12-15,BRONG AHAFO-TECHIMAN MUNICIPAL-Techiman-Plantains (apentu)-Bunch-Wholesale-GHS,14.49
2021-02-15,BRONG AHAFO-TECHIMAN MUNICIPAL-Techiman-Plantains (apentu)-Bunch-Wholesale-GHS,2.67
2021-02-15,BRONG AHAFO-TECHIMAN MUNICIPAL-Techiman-Plantains (apentu)-Bunch-Wholesale-GHS,2.67
2021-03-15,BRONG AHAFO-TECHIMAN MUNICIPAL-Techiman-Plantains (apentu)-Bunch-Wholesale-GHS,3.3
2021-03-15,BRONG AHAFO-TECHIMAN MUNICIPAL-Techiman-Plantains (apentu)-Bunch-Wholesale-GHS,3.3
2021-04-15,BRONG AHAFO-TECHIMAN MUNICIPAL-Techiman-Plantains (apentu)-Bunch-Wholesale-GHS,4.36
2021-04-15,BRONG AHAFO-TECHIMAN MUNICIPAL-Techiman-Plantains (apentu)-Bunch-Wholesale-GHS,4.36
2021-06-15,BRONG AHAFO-TECHIMAN MUNICIPAL-Techiman-Plantains (apentu)-Bunch-Wholesale-GHS,9.29
2021-09-15,BRONG AHAFO-TECHIMAN MUNICIPAL-Techiman-Plantains (apentu)-Bunch-Wholesale-GHS,6.19
2021-09-15,BRONG AHAFO-TECHIMAN MUNICIPAL-Techiman-Plantains (apentu)-Bunch-Wholesale-GHS,6.19
2021-12-15,BRONG AHAFO-TECHIMAN MUNICIPAL-Techiman-Plantains (apentu)-Bunch-Wholesale-GHS,4.15
2021-12-15,BRONG AHAFO-TECHIMAN MUNICIPAL-Techiman-Plantains (apentu)-Bunch-Wholesale-GHS,4.15
2022-01-15,BRONG AHAFO-TECHIMAN MUNICIPAL-Techiman-Plantains (apentu)-Bunch-Wholesale-GHS,4.09
2022-01-15,BRONG AHAFO-TECHIMAN MUNICIPAL-Techiman-Plantains (apentu)-Bunch-Wholesale-GHS,4.09
2022-02-15,BRONG AHAFO-TECHIMAN MUNICIPAL-Techiman-Plantains (apentu)-Bunch-Wholesale-GHS,3.46
2022-02-15,BRONG AHAFO-TECHIMAN MUNICIPAL-Techiman-Plantains (apentu)-Bunch-Wholesale-GHS,3.46
2022-04-15,BRONG AHAFO-TECHIMAN MUNICIPAL-Techiman-Plantains (apentu)-Bunch-Wholesale-GHS,6.3
2022-04-15,BRONG AHAFO-TECHIMAN MUNICIPAL-Techiman-Plantains (apentu)-Bunch-Wholesale-GHS,6.3
2022-05-15,BRONG AHAFO-TECHIMAN MUNICIPAL-Techiman-Plantains (apentu)-Bunch-Wholesale-GHS,8.16
2022-05-15,BRONG AHAFO-TECHIMAN MUNICIPAL-Techiman-Plantains (apentu)-Bunch-Wholesale-GHS,8.16
2022-06-15,BRONG AHAFO-TECHIMAN MUNICIPAL-Techiman-Plantains (apentu)-Bunch-Wholesale-GHS,8.35
2022-06-15,BRONG AHAFO-TECHIMAN MUNICIPAL-Techiman-Plantains (apentu)-Bunch-Wholesale-GHS,8.35
2022-07-15,BRONG AHAFO-TECHIMAN MUNICIPAL-Techiman-Plantains (apentu)-Bunch-Wholesale-GHS,5.1
2022-08-15,BRONG AHAFO-TECHIMAN MUNICIPAL-Techiman-Plantains (apentu)-Bunch-Wholesale-GHS,6.69
2022-08-15,BRONG AHAFO-TECHIMAN MUNICIPAL-Techiman-Plantains (apentu)-Bunch-Wholesale-GHS,6.69
2022-09-15,BRONG AHAFO-TECHIMAN MUNICIPAL-Techiman-Plantains (apentu)-Bunch-Wholesale-GHS,1.82
2022-09-15,BRONG AHAFO-TECHIMAN MUNICIPAL-Techiman-Plantains (apentu)-Bunch-Wholesale-GHS,1.82
2022-10-15,BRONG AHAFO-TECHIMAN MUNICIPAL-Techiman-Plantains (apentu)-Bunch-Wholesale-GHS,2.77
2022-10-15,BRONG AHAFO-TECHIMAN MUNICIPAL-Techiman-Plantains (apentu)-Bunch-Wholesale-GHS,2.77
2022-11-15,BRONG AHAFO-TECHIMAN MUNICIPAL-Techiman-Plantains (apentu)-Bunch-Wholesale-GHS,1.51
2022-11-15,BRONG AHAFO-TECHIMAN MUNICIPAL-Techiman-Plantains (apentu)-Bunch-Wholesale-GHS,1.51
2022-12-15,BRONG AHAFO-TECHIMAN MUNICIPAL-Techiman-Plantains (apentu)-Bunch-Wholesale-GHS,2.25
2022-12-15,BRONG AHAFO-TECHIMAN MUNICIPAL-Techiman-Plantains (apentu)-Bunch-Wholesale-GHS,2.25
2023-02-15,BRONG AHAFO-TECHIMAN MUNICIPAL-Techiman-Plantains (apentu)-Bunch-Wholesale-GHS,1.93
2023-02-15,BRONG AHAFO-TECHIMAN MUNICIPAL-Techiman-Plantains (apentu)-Bunch-Wholesale-GHS,1.93
2023-06-15,BRONG AHAFO-TECHIMAN MUNICIPAL-Techiman-Plantains (apentu)-Bunch-Wholesale-GHS,13.83
